RegionID,RegionName,State,Metro,CountyName,SizeRank,zhvi_min,zhvi_max,zhvi_mean,zhvi_std,zhvi_median,zhvi_current,avg_mom_change,avg_yoy_change,months_positive_mom,zhvi_2015,pct_change_10yr,volatility_cv
3311,Adair Village,OR,"Corvallis, OR",Benton County,14670,261968.6856,502115.1257,392166.3484330579,85304.48431044909,365459.2064,491651.7103,0.5275534221311454,7.070316980765395,101,261968.6856,87.6757556629127,0.21752117347980562
3322,Addy,WA,"Spokane-Spokane Valley, WA",Stevens County,16633,298829.7834,586104.3407,443500.4263305785,101200.08928499752,425850.209,552683.8793,0.5161811223476793,6.942723176796222,97,298829.7834,84.94939594431337,0.22818487486540656
3333,Ahwahnee,CA,"Madera, CA",Madera County,13091,416293.6526,670670.1294,533756.9207396695,90041.9135535827,493165.1763,640949.498,0.35449744265656685,4.926890441987866,82,420497.8508,52.42634338810276,0.16869460620539486
3379,Alta,CA,"Sacramento-Roseville-Folsom, CA",Placer County,23849,418648.4525,710778.2215,568983.0699305786,87931.71612619946,549121.0442,658753.281,0.38103214209415326,4.992888778080985,90,418648.4525,57.35237454389013,0.15454188494031637
3431,Arch Cape,OR,"Astoria, OR",Clatsop County,23727,868339.3036,1788001.847,1285037.5007198348,337162.04970686947,1084614.634,1755910.636,0.5943885740274854,8.143496963292078,89,868339.3036,102.21480574704691,0.26237526104724773
3491,Avalon,CA,"Los Angeles-Long Beach-Anaheim, CA",Los Angeles County,11308,942827.1959,1359280.173,1146066.4028082646,137273.40110163856,1117168.098,1319997.519,0.2362789082144336,3.6570296488968834,63,1000499.865,31.933802809658562,0.11977787741205098
3493,Avenal,CA,"Hanford-Corcoran, CA",Kings County,4679,167923.1973,317626.1438,239055.00782975205,48749.01058175481,220382.1863,315794.8551,0.5289803248367843,6.843524324194306,100,167923.1973,88.05910093280482,0.20392382081563595
3506,Bakersfield,CA,"Bakersfield, CA",Kern County,49,319847.9035,530205.3749,407283.88830165286,80691.69819657062,364656.3737,529248.9116,0.4166010953171406,5.694582559513529,98,322029.5318,64.34794307271666,0.19812150815258056
3531,Banks,OR,"Portland-Vancouver-Hillsboro, OR-WA",Washington County,9374,549178.5549,989703.9447,770872.1411033059,137981.03294962746,723585.5591,934107.9588,0.44598813549963007,5.728678915058967,98,549178.5549,70.09184908359939,0.1789934096621302
3619,Bellevue,WA,"Seattle-Tacoma-Bellevue, WA",King County,248,1067931.86,2639485.089,1778327.5499669423,468099.1132081106,1574095.834,2424414.911,0.6939143963245741,9.43547862275293,92,1067931.86,127.01962567162286,0.2632243498768336
3639,Benton City,WA,"Kennewick-Richland, WA",Benton County,5189,299335.1485,640545.0581,483863.5178652893,116806.54508398073,460970.9244,636225.0298,0.6320313063077813,8.21519749402316,102,299335.1485,112.54604846380076,0.24140390992755198
3719,Blythe,CA,"Riverside-San Bernardino-Ontario, CA",Riverside County,2991,202030.345,352907.8464,277908.74505785125,51217.45030948325,259525.4845,331776.9547,0.41672600108890834,5.702424443037708,85,202030.345,64.22134739214546,0.18429592886262539
3761,Bothell,WA,"Seattle-Tacoma-Bellevue, WA",Snohomish County,402,599618.5212,1552049.725,1021553.4422966943,295142.7400861514,880426.4741,1454709.368,0.7510010970961173,10.394316518171642,95,599618.5212,142.60580962187933,0.2889156140696864
3811,Brier,WA,"Seattle-Tacoma-Bellevue, WA",Snohomish County,7585,564679.1656,1381135.168,959677.5361016529,270420.456083112,866611.15,1355129.023,0.7383809361153115,9.910198229267486,102,564679.1656,139.982118263582,0.28178262584075736
3815,Brightwood,OR,"Portland-Vancouver-Hillsboro, OR-WA",Clackamas County,21501,336779.6035,660892.1128,512288.31832396693,105280.859575124,480457.5886,657391.5366,0.5607727607668788,7.033258978310594,100,336779.6035,95.19933207594026,0.2055109511760236
3929,Calistoga,CA,"Napa, CA",Napa County,6794,1882336.5,2865783.98,2349205.1006363635,252440.68227461888,2327346.338,2382110.128,0.19063878810596677,2.610901065505399,63,1904965.524,25.047414138923813,0.1074579151076407
3955,Canby,OR,"Portland-Vancouver-Hillsboro, OR-WA",Clackamas County,2656,459116.1525,851924.2489,669568.1515090909,122825.70095612771,636339.5907,802680.5433,0.46840016627940073,5.995459645076147,97,459116.1525,74.83169322821853,0.18344017808986254
3963,Canyon Lake,CA,"Riverside-San Bernardino-Ontario, CA",Riverside County,4852,566249.5017,993483.7305,762649.3484842975,163452.69785511482,669822.5177,976918.2589,0.446724360406572,6.309753393723532,87,574459.3016,70.05874152948,0.21432221528801346
3972,Carlin,NV,"Elko, NV",Elko County,17710,207510.6749,266130.9741,234477.78342561985,19284.368733314303,226612.0999,266130.9741,0.20856083112311324,2.4463670173825527,82,207510.6749,28.249293309006525,0.08224390580454125
3975,Carlsbad,CA,"San Diego-Chula Vista-Carlsbad, CA",San Diego County,361,926957.2224,1978367.428,1367435.8368537189,386331.67538392765,1135897.403,1964174.644,0.6332657727506967,8.810802716290954,96,926986.7387,111.88810605365785,0.282522707809694
3977,Carlton,WA,"Wenatchee, WA",Okanogan County,21828,461189.8668,870786.3245,636594.4138024793,149826.46551588795,560396.4655,778451.7486,0.44115422798636034,6.435888284482464,86,461189.8668,68.79203222771243,0.23535623666715944
3980,Carpinteria,CA,"Santa Maria-Santa Barbara, CA",Santa Barbara County,3732,1655111.104,2772610.314,2136819.2267355374,397330.6185074557,1872005.239,2676591.245,0.39567708055022827,5.407945276762035,65,1675301.224,59.76776036785133,0.18594489114292828
4005,Castle Rock,WA,"Longview, WA",Cowlitz County,5622,309299.1201,678795.3407,506082.88057396695,131667.22779797384,470571.915,667460.7325,0.6454330899997974,8.644828745491637,102,309299.1201,115.79781160845275,0.26016929805775146
4145,Clyde Hill,WA,"Seattle-Tacoma-Bellevue, WA",King County,11414,3192302.766,6742298.796,4768012.897528925,1028646.2278646132,4301803.878,6040844.599,0.5392682405438903,7.126716604226854,87,3192302.766,89.23156861368959,0.21573897763525773
4148,Coalinga,CA,"Fresno, CA",Fresno County,3207,225493.0511,382816.2066,302887.4140950413,55469.51738053931,278517.1841,380655.675,0.43866767236586407,5.7406445511962385,102,225493.0511,68.81037936339315,0.18313576200011353
4170,Colma,CA,"San Francisco-Oakland-Berkeley, CA",San Mateo County,13954,980403.2675,1553357.222,1316007.0580586777,138001.6735054413,1347386.576,1388944.413,0.2937100349036735,3.595303847777895,80,980403.2675,41.6707245929288,0.10486393113196214
4216,Corvallis,OR,"Corvallis, OR",Benton County,762,426866.8234,754001.656,593252.7440727273,114078.26199838895,552596.4863,751039.0601,0.4730304525778803,6.150985161661789,105,426866.8234,75.94224215364497,0.19229285180416125
4227,Courtland,CA,"Sacramento-Roseville-Folsom, CA",Sacramento County,17118,806196.0412,1228369.932,995372.9934347107,114824.15208849972,953990.5673,1056811.964,0.22279513085995914,3.2833084131703867,68,812549.9547,30.06116828720807,0.11535791391353573
4281,Cupertino,CA,"San Jose-Sunnyvale-Santa Clara, CA",Santa Clara County,1004,2308995.43,3983087.641,3103284.903958678,532553.4619390686,3022962.742,3836136.196,0.39588872718759416,5.5076767366572135,77,2414525.401,58.87744210150887,0.17160959384029534
4298,Darrington,WA,"Seattle-Tacoma-Bellevue, WA",Snohomish County,24758,253316.0025,575022.5947,421601.3465644628,110033.62423333753,394804.6519,565350.9061,0.6747064798295355,9.201181981007961,103,253316.0025,123.1800993701533,0.260989736228258
4382,Dobbins,CA,"Yuba City, CA",Yuba County,23154,362296.7258,567621.059,467423.4620966942,55891.63442410353,453383.0433,496652.1403,0.2670392961589575,3.6952147396081445,76,362296.7258,37.08435791224034,0.11957387456203777
4398,Dorena,OR,"Eugene-Springfield, OR",Lane County,22867,291540.5101,590566.0625,452259.7314338843,102630.7425341867,427394.0502,572075.1163,0.5655354116743243,7.399555528971136,100,291540.5101,96.22491437082793,0.22692876548791358
4406,Downey,CA,"Los Angeles-Long Beach-Anaheim, CA",Los Angeles County,377,616554.7214,1116519.408,852007.2530876034,166924.26876377664,793661.2031,1099489.406,0.4684253363051791,6.492610961475892,81,629962.5229,74.53251043229639,0.19591883538415544
4451,Eagle Creek,OR,"Portland-Vancouver-Hillsboro, OR-WA",Clackamas County,11240,490267.3101,963993.0081,743827.8970793388,153360.41956830616,685362.9984,935716.2818,0.5425135158151174,6.913170824272267,101,490267.3101,90.85838735793777,0.2061772893574981
4525,Edwards,CA,"Bakersfield, CA",Kern County,10513,88504.92312,258066.6113,176238.96114801653,59572.78863373728,163977.5735,258066.6113,0.7144658308812802,11.741519204906318,94,111375.1895,131.70924553174387,0.33802280860986417
4550,Elk,WA,"Spokane-Spokane Valley, WA",Spokane County,9978,343258.2423,765312.7729,552006.4350842976,141988.59318867934,524521.498,686464.7231,0.5827946883356545,7.951053692803623,92,343258.2423,99.98492053689573,0.2572227136573074
4560,Ellensburg,WA,"Ellensburg, WA",Kittitas County,2020,360148.4856,708829.8768,540892.4593,125111.60670950513,501842.3679,685774.7843,0.5403330569336504,7.274449259543257,98,360148.4856,90.41445729183431,0.23130588078713327
4582,Emeryville,CA,"San Francisco-Oakland-Berkeley, CA",Alameda County,4727,618859.974,867877.4821,768078.0447504133,50259.97410956421,775776.0265,686268.1636,0.08883990713212858,0.9450793812232628,65,618859.974,10.892316910448619,0.06543602496266662
4626,Everett,WA,"Seattle-Tacoma-Bellevue, WA",Snohomish County,215,386665.6098,895409.015,637709.4250355371,169758.51239428684,580915.8216,868682.6078,0.6816939182304317,9.18454478949391,102,386665.6098,124.6599091781966,0.26620041311891673
4632,Exeter,CA,"Visalia, CA",Tulare County,4079,349369.0819,635103.4594,483479.22523305786,99222.34342637655,434916.1713,633793.1784,0.4914185575169283,6.557389105708937,100,352770.8945,79.66141432906676,0.20522566068593143
4650,Fair Oaks,CA,"Sacramento-Roseville-Folsom, CA",Sacramento County,1379,532088.1932,892027.4797,705598.3832479338,115943.58446685752,661624.5467,835483.7865,0.374348243953827,5.103085120144663,89,535176.3166,56.11374430914046,0.16431951549145932
4675,Fall Creek,OR,"Eugene-Springfield, OR",Lane County,16971,470057.4937,859223.4317,684116.8098396695,117668.18080565626,675589.8545,789850.7954,0.4351720217635033,5.51497082140419,90,470057.4937,68.03280577079755,0.17200013084495486
4680,Falls City,OR,"Salem, OR",Polk County,23597,197876.9216,475166.6078,348495.4568008265,94382.06125871433,327795.0209,467405.3243,0.7217288879888178,9.348892838440081,102,197876.9216,136.21012522361778,0.2708272358128787
4757,Forestville,CA,"Santa Rosa-Petaluma, CA",Sonoma County,7654,750149.8542,1101898.834,939316.6880429751,98100.54055767646,921821.9172,1001248.017,0.24376457682025593,3.1601159683178617,70,750149.8542,33.47306693377747,0.104438196197775
4793,Fowler,CA,"Fresno, CA",Fresno County,6458,373252.2647,633491.9494,509671.24265619833,87053.7276463442,472196.3288,623104.9096,0.42964666475386687,5.485057744102504,98,373252.2647,66.93935135284927,0.17080368747637345
4863,Gates,OR,"Albany-Lebanon, OR",Linn County,25441,337892.3011,689607.3912,528333.0743264463,115824.70533301304,507602.3301,657073.9702,0.5577525092914838,7.284824501691873,99,337892.3011,94.46254562797436,0.21922667908056673
4905,Glen Ellen,CA,"Santa Rosa-Petaluma, CA",Sonoma County,11923,2155217.322,2853747.561,2424827.8090247936,193574.56816674204,2364499.03,2434723.917,0.10303739727325226,1.3469908614807775,58,2160852.377,12.674236468676641,0.0798302326648889
4931,Goleta,CA,"Santa Maria-Santa Barbara, CA",Santa Barbara County,2035,1053258.316,1769921.012,1345409.9203966942,268363.8753717334,1150220.078,1725879.084,0.416120734005654,5.849951341636677,76,1053258.316,63.860950137515914,0.1994662528522209
4994,Greenwood,CA,"Sacramento-Roseville-Folsom, CA",El Dorado County,20253,409861.1037,659129.9789,548569.181707438,75772.37464840931,514908.8453,629040.8412,0.3611272896946817,4.652755946792857,81,409861.1037,53.476588903256804,0.1381272903675805
5130,Herald,CA,"Sacramento-Roseville-Folsom, CA",Sacramento County,11133,615782.6258,1052069.808,837987.859298347,126894.94094577688,797908.442,972282.9673,0.3794327710669486,5.122309656111498,84,620683.8191,56.64706205968501,0.15142813769644214
5147,Hidden Valley Lake,CA,"Clearlake, CA",Lake County,8563,325307.6944,534071.4419,437272.34100082645,56910.253230448376,430391.7868,469979.7541,0.3091998828969353,3.968652288082246,75,325307.6944,44.47237559715097,0.13014830322949883
5175,Hinkley,CA,"Riverside-San Bernardino-Ontario, CA",San Bernardino County,19573,256943.8772,420356.5123,344815.2110090909,49655.96219741253,350658.3836,256943.8772,-0.1753902359949148,0.0754500680334146,55,323477.556,-20.568251974798525,0.144007458522772
5265,Imperial Beach,CA,"San Diego-Chula Vista-Carlsbad, CA",San Diego County,2537,599510.389,1102967.199,886902.2501033058,152573.469432527,839283.0547,1036290.665,0.45987955383679585,6.132237402165701,86,599510.389,72.85616463270333,0.17202963394754647
5266,Incline Village,NV,"Reno, NV",Washoe County,5990,1541326.814,3856680.209,2405951.131033058,763225.3299517889,1975183.078,3178612.834,0.6131278927720883,9.483460743728061,87,1546670.893,105.51319924529025,0.31722395359879074
5296,Irrigon,OR,"Hermiston-Pendleton, OR",Morrow County,11075,209237.3123,464793.5801,331091.79582727276,90646.40242169173,298627.2761,464793.5801,0.6694538662071791,8.871003786958243,107,209237.3123,122.13704381443635,0.2737802735196164
5302,Issaquah,WA,"Seattle-Tacoma-Bellevue, WA",King County,1184,806530.5965,1973958.809,1325173.824314876,357029.7321214096,1139693.683,1813269.99,0.6856904713882083,9.419336173678646,91,806530.5965,124.82345962680412,0.26942105674777905
5319,Janesville,CA,"Susanville, CA",Lassen County,11215,302170.3141,497863.2024,406158.3861876033,57882.36343657809,391254.656,451463.4733,0.3372399511026519,4.299861672488749,85,302170.3141,49.4069576770513,0.14251180181182424
5399,Kent,WA,"Seattle-Tacoma-Bellevue, WA",King County,260,394102.748,867345.5581,636896.1818231405,154985.5102284879,588270.6843,828709.6206,0.6249901556021217,8.310631836929637,102,394102.748,110.27755447165772,0.24334501391551092
5427,King City,CA,"Salinas, CA",Monterey County,3644,346904.3075,645163.5432,503746.8543057851,104899.31383414922,456587.0571,639066.4259,0.5125716072382611,6.662125332675377,98,346904.3075,84.21980127761891,0.20823815163811046
5428,King City,OR,"Portland-Vancouver-Hillsboro, OR-WA",Washington County,11215,368790.797,669132.2666,526374.5584570247,93071.29390665825,488869.4625,624958.4339,0.44260877501179186,5.69828837499833,93,368790.797,69.46150472946859,0.17681571499101423
5433,Kings Beach,CA,"Sacramento-Roseville-Folsom, CA",Placer County,12060,909561.7409,1756732.471,1237458.365,264555.89882514783,1075663.849,1478512.367,0.4130819142036593,5.921811968472476,78,909561.7409,62.55217216337954,0.21378973734211076
5465,La Mirada,CA,"Los Angeles-Long Beach-Anaheim, CA",Los Angeles County,1229,605803.7129,1066353.243,818442.0523991735,155618.83152141713,746184.1964,1050367.386,0.4515206489067011,6.239694889003993,77,614145.99,71.02894150623698,0.19014031728359695
5470,Lacey,WA,"Olympia-Lacey-Tumwater, WA",Thurston County,525,331594.1119,675179.3533,506586.9762942149,121839.68030335057,471814.9481,657139.7836,0.5738311730807203,7.71930937673905,105,331594.1119,98.1759506628923,0.24051088165477963
5482,Lake Arrowhead,CA,"Riverside-San Bernardino-Ontario, CA",San Bernardino County,6016,545427.8939,1088592.513,755822.2929049586,179948.18485795465,651511.9503,885519.2871,0.40524063345377676,6.418441224634459,73,549695.6706,61.09264352281403,0.2380826638049195
5504,Lake Oswego,OR,"Portland-Vancouver-Hillsboro, OR-WA",Clackamas County,1279,869302.0665,1538752.006,1200204.0296264463,231409.08610708863,1068044.139,1508677.928,0.4629187368974616,5.981918517103886,92,869302.0665,73.55048217868237,0.1928081229481564
5534,Lancaster,CA,"Los Angeles-Long Beach-Anaheim, CA",Los Angeles County,169,286210.0989,592217.5366,449830.7858479339,107907.28921311238,413360.1327,576932.8239,0.5886269661561147,8.039570601462318,97,286210.0989,101.57668304414958,0.23988418002495415
5546,Langley,WA,"Oak Harbor, WA",Island County,9571,574023.3502,1275393.629,908775.7801636364,229188.7921837566,811162.1432,1152951.945,0.587622392497316,7.935198829206867,94,574023.3502,100.85453746755964,0.25219509276808444
5577,Laytonville,CA,"Ukiah, CA",Mendocino County,15829,471001.5488,716081.874,602102.7363619835,64216.056334682304,612760.6193,471001.5488,-0.05673065649955964,-0.13959182847551393,58,506983.415,-7.097247194960015,0.10665298869539713
5584,Leavenworth,WA,"Wenatchee, WA",Chelan County,6231,542399.4878,1184399.201,841064.7376785125,221942.03616912762,766431.483,1055436.106,0.5608256507411671,7.895201193041217,98,542399.4878,94.58648648082296,0.263882227165684
5693,Loomis,CA,"Sacramento-Roseville-Folsom, CA",Placer County,3674,865624.1517,1615799.046,1218551.627747934,250694.5401857952,1104197.2,1516639.999,0.46204017207654935,6.404263883339567,91,876322.6875,73.06866758485013,0.20573157056063046
5706,Lotus,CA,"Sacramento-Roseville-Folsom, CA",El Dorado County,22874,621496.0825,979066.6734,795284.5687628099,101835.57812314462,762183.3298,897371.4629,0.29429733784977846,4.169724900565058,81,633224.1193,41.7146687166627,0.128049231838568
5721,Lucerne Valley,CA,"Riverside-San Bernardino-Ontario, CA",San Bernardino County,6739,183190.5538,402358.7758,296415.62677685946,74874.61111274453,270453.3954,372813.5265,0.601173763847204,8.702624823200308,85,183190.5538,103.5113267395996,0.25260008025524866
5743,Lytle Creek,CA,"Riverside-San Bernardino-Ontario, CA",San Bernardino County,21462,296997.7963,572816.8928,442258.7353966942,88092.5450560528,420840.005,555076.661,0.5003930121940712,7.091747776008091,79,306596.2271,81.04484397942545,0.19918780117940724
5891,Medford,OR,"Medford, OR",Jackson County,469,341660.6403,593369.5723,474782.6349066116,79978.29048674712,446235.4629,565070.1794,0.4219943037276083,5.477741006772992,93,341660.6403,65.38931113160476,0.16845243403326793
5907,Mesa,WA,"Kennewick-Richland, WA",Franklin County,10548,874937.8831,1798317.003,1314284.1775066117,217790.6864973825,1316091.945,1271387.891,0.32450463181393113,5.071332025718624,70,876966.4236,44.975663467351026,0.1657104987070324
6004,Molalla,OR,"Portland-Vancouver-Hillsboro, OR-WA",Clackamas County,3763,388202.4809,786153.9867,601992.0716537191,122564.44449026167,570106.6906,746924.7083,0.5492226295795255,6.88422382145656,100,388202.4809,92.40595953131118,0.20359810413045407
6016,Monroe,OR,"Corvallis, OR",Benton County,11591,461991.5235,865105.1021,679639.1020413224,138247.4834553058,627876.2833,835990.6361,0.4976390528970706,6.643100217113572,91,461991.5235,80.9536741641105,0.20341308061892574
6021,Monterey Park,CA,"Los Angeles-Long Beach-Anaheim, CA",Los Angeles County,947,710030.5226,1193428.954,946204.7493471075,157128.55238224636,900448.9235,1178430.084,0.37251558040525173,5.457670370297246,76,758152.0294,55.434535330942424,0.16606189357078047
6043,Morgan Hill,CA,"San Jose-Sunnyvale-Santa Clara, CA",Santa Clara County,1166,1098050.319,2014591.037,1536425.6525041324,298087.23855688365,1423718.594,1888728.301,0.4580979992846651,6.117619671480849,79,1098050.319,72.00744522528572,0.19401344807739201
6103,Murrieta,CA,"Riverside-San Bernardino-Ontario, CA",Riverside County,294,445189.2146,835665.3355,629434.6417991736,144251.51834741246,549873.7315,829358.9109,0.5226966615808152,7.135104096995723,100,445189.2146,86.29357668630277,0.2291763254959792
6112,Napa,CA,"Napa, CA",Napa County,486,980112.5462,1578865.024,1290468.6844115702,185767.120068339,1211594.356,1473611.333,0.34098312423113203,4.467219801998461,80,982302.6351,50.016021574652925,0.14395321816975773
6275,Oakville,WA,"Aberdeen, WA",Grays Harbor County,11824,275349.655,645435.7777,461001.48501818185,123163.67207012576,443224.972,572463.4441,0.6155565061986766,8.430346281080434,93,275349.655,107.9041806317135,0.2671654562355004
6285,Oceanside,CA,"San Diego-Chula Vista-Carlsbad, CA",San Diego County,152,579612.2377,1159505.653,842452.316976033,202578.50220738593,733892.2413,1144361.949,0.5718364933574197,7.76380593946564,96,579612.2377,97.43578112515755,0.2404628702720383
6287,Odessa,WA,"Othello, WA",Lincoln County,15690,161433.3538,347408.3405,250664.62196859505,67555.15507116547,234401.2923,340704.6946,0.6270878459723387,8.296972560911028,95,161480.0974,110.98866057533105,0.26950414677835643
6388,Palomar Mountain,CA,"San Diego-Chula Vista-Carlsbad, CA",San Diego County,27130,472563.5349,777339.4927,618617.0799710745,86905.4928750704,583204.3027,656238.3009,0.27728192255384765,3.9924809491818927,69,472563.5349,38.86773998312581,0.1404835005188249
6395,Paramount,CA,"Los Angeles-Long Beach-Anaheim, CA",Los Angeles County,1129,410146.0775,802453.6701,607782.463261157,130617.72039906932,578893.3761,779083.0934,0.5311609947289233,7.353989030563071,81,414573.044,87.92420411202616,0.2149086692929875
6464,Penryn,CA,"Sacramento-Roseville-Folsom, CA",Placer County,13742,783475.1057,1456128.349,1094431.2568487604,221635.45577630246,1000351.336,1353817.812,0.45214910730449037,6.24333859651756,87,791844.456,70.9701699294337,0.20251199368562103
6485,Phelan,CA,"Riverside-San Bernardino-Ontario, CA",San Bernardino County,2471,301669.2976,580157.0815,444812.166192562,98447.57310409856,398927.6817,575511.8215,0.543141240662566,7.37139259327361,91,301669.2976,90.77573557488867,0.22132392184048305
6495,Piedmont,CA,"San Francisco-Oakland-Berkeley, CA",Alameda County,4935,2846208.774,4247292.464,3349790.915157025,366597.2922111583,3227922.828,3356697.267,0.14102605466658685,2.316697858857436,66,2851278.308,17.72604791268239,0.10943885797540102
6568,Port Angeles,WA,"Port Angeles, WA",Clallam County,1834,314576.5948,677046.3708,498886.98054545454,128921.00927165232,460709.5521,669137.4603,0.6334962610844378,8.523082985766226,104,314576.5948,112.71050401108862,0.2584172654309348
6651,Puyallup,WA,"Seattle-Tacoma-Bellevue, WA",Pierce County,314,350427.9098,723773.5124,545762.3420636364,129174.12503829843,516559.9576,705326.6615,0.5871183445127173,7.841448401257885,106,350427.9098,101.27582357882157,0.23668566898526797
6663,Quilcene,WA,"Port Angeles, WA",Jefferson County,13128,425237.5953,883968.8307,625359.712829752,149029.6720761981,567380.5017,774301.0404,0.5053420337696538,6.93375374267667,92,425237.5953,82.0866849399193,0.23831031807571837
6688,Ravensdale,WA,"Seattle-Tacoma-Bellevue, WA",King County,7103,691203.1716,1537254.069,1105070.968561157,287808.1163552349,974109.0576,1511395.523,0.6591455053898293,8.83621110657919,99,691203.1716,118.66154339272133,0.2604431068621517
6760,Ridgefield,WA,"Portland-Vancouver-Hillsboro, OR-WA",Clark County,2984,500607.5902,1000703.643,761245.4901801653,174002.97040661058,682137.9557,985807.6609,0.5688166973098474,7.458105898431414,99,500607.5902,96.92223613832056,0.22857668472417353
6809,Rocklin,CA,"Sacramento-Roseville-Folsom, CA",Placer County,850,577200.5359,1008512.857,772509.816614876,143015.7935864612,716987.7704,925439.9785,0.3932971173042052,5.494810475917058,85,579783.9971,59.61806174867256,0.18513136080671933
6819,Rohnert Park,CA,"Santa Rosa-Petaluma, CA",Sonoma County,1547,560299.9138,881629.4517,750532.3369487603,95715.60382439416,728774.6622,857995.9863,0.35755490412846663,4.468616731325508,83,560299.9138,53.13155779036281,0.1275302863211992
6822,Rolling Hills,CA,"Los Angeles-Long Beach-Anaheim, CA",Los Angeles County,16677,3398534.35,5589767.556,4369367.573975206,720828.2358402606,4095179.967,4965249.015,0.23282822165347217,4.446901412235831,65,3786669.296,31.124442798450268,0.16497312794960356
6840,Ross,CA,"San Francisco-Oakland-Berkeley, CA",Marin County,12705,5315316.192,7934797.71,6229099.336380165,803829.859090057,5727503.858,6838445.335,0.2011542596721097,2.914477232599436,69,5406184.554,26.49300568069361,0.1290443153467474
6916,San Carlos,CA,"San Francisco-Oakland-Berkeley, CA",San Mateo County,2017,2149335.612,3394959.305,2689569.400570248,316404.28145038546,2657816.948,3055820.553,0.29905647763813026,3.720148667310571,81,2149335.612,42.17512313754003,0.11764124078125696
6919,San Jacinto,CA,"Riverside-San Bernardino-Ontario, CA",Riverside County,1106,262772.063,561840.5595,411067.4076305785,105681.90472228714,365292.5333,542202.22,0.6084417830577902,8.307180599785053,104,262772.063,106.33937025489651,0.25709142286771186
6922,San Juan Bautista,CA,"San Jose-Sunnyvale-Santa Clara, CA",San Benito County,9410,831028.835,1380656.176,1081798.456786777,160866.1209771341,1020615.422,1209765.636,0.3160987410528024,4.080804055719971,85,831028.835,45.57444760626146,0.1487024870186526
6923,San Luis Obispo,CA,"San Luis Obispo-Paso Robles, CA",San Luis Obispo County,873,943991.7693,1536786.462,1230497.2430785124,188108.25856012735,1136315.007,1535686.036,0.36499076728130186,5.15776774999261,81,994587.8836,54.40425741377896,0.15287174320643726
6943,Santee,CA,"San Diego-Chula Vista-Carlsbad, CA",San Diego County,1026,531575.6441,950382.0394,727877.6503454546,141157.61952630454,656603.6643,931392.1127,0.47123971839884804,6.31076353003766,96,531575.6441,75.21346642525754,0.19393042149228018
7007,Selah,WA,"Yakima, WA",Yakima County,3459,318282.2048,616933.8341,467845.2052826446,106621.6817206753,440776.2616,612497.034,0.548621238276162,7.272681554763126,108,318282.2048,92.4383533741312,0.2278994858059104
7026,Shafter,CA,"Bakersfield, CA",Kern County,2862,273429.3584,479533.6803,373467.8209404959,74179.10415260939,341652.9677,477639.7864,0.4674575617712569,6.085985895504584,105,273429.3584,74.68489455373711,0.1986224782788669
7035,Shaver Lake,CA,"Fresno, CA",Fresno County,19601,620560.8914,935417.0324,756528.7056975208,111492.70315457259,682816.1056,889429.0322,0.2980528992622746,4.133745241177328,73,624572.771,42.405989101308435,0.1473740550952077
7053,Sherwood,OR,"Portland-Vancouver-Hillsboro, OR-WA",Washington County,2154,544999.3621,969887.1735,761910.7465471075,142664.6431405345,692804.0723,944230.4719,0.46109865723785715,5.939910517794833,98,544999.3621,73.25350038239979,0.18724587333499937
7077,Silver Creek,WA,"Centralia, WA",Lewis County,22896,323011.2031,725755.9519,515746.9584694215,149570.64808317221,467678.3917,700817.059,0.6512819952666014,9.075200950690324,105,323011.2031,116.96370041476125,0.29000781415570914
7113,Snoqualmie,WA,"Seattle-Tacoma-Bellevue, WA",King County,4458,648194.026,1646507.899,1096977.9900123968,311664.46491632506,940823.9515,1534532.148,0.7294499123546898,9.943843318128144,96,648194.026,136.73963141400506,0.2841118671057411
7223,Springfield,OR,"Eugene-Springfield, OR",Lane County,687,287500.9707,556632.0152,432398.48794214876,96259.36176080628,407916.7192,547508.7389,0.539882985491856,7.102892516106444,103,287500.9707,90.43717924393081,0.22261724877651506
7241,Stanwood,WA,"Seattle-Tacoma-Bellevue, WA",Snohomish County,2796,485603.5308,1019903.094,752906.8160355372,184013.68827281598,688796.9132,1016833.021,0.6210547504471606,8.16643719441035,105,485603.5308,109.3957223343978,0.2444043331175402
7266,Stockton,CA,"Stockton, CA",San Joaquin County,67,298368.0609,590094.872,451024.3283396694,94736.80230496117,420787.8922,550745.7689,0.5146973023471093,6.969825833583842,104,298368.0609,84.58603351804001,0.21004809796782017
7304,Barstow,CA,"Riverside-San Bernardino-Ontario, CA",San Bernardino County,1764,158266.2259,346985.3883,252140.00620578512,66918.87439877752,220996.3337,342582.6768,0.6490721854386924,8.866679778800018,90,158266.2259,116.45974992571048,0.26540363588379307
7310,Summerland,CA,"Santa Maria-Santa Barbara, CA",Santa Barbara County,21319,3659246.118,6546206.712,4766631.933214876,1041634.5082540868,3966058.066,5903921.493,0.39367904486508043,5.865905832934646,63,3713265.093,58.9954216877669,0.21852631435537584
7323,Sunol,CA,"San Francisco-Oakland-Berkeley, CA",Alameda County,14497,1866180.846,2974173.362,2335284.078553719,266161.2861910435,2248884.397,2465972.107,0.23787115936294762,3.072705598762496,70,1866180.846,32.14003949754396,0.11397383668880307
7332,Susanville,CA,"Susanville, CA",Lassen County,3003,227073.5505,368564.5981,310765.896985124,44151.00088890005,300848.9399,354429.0602,0.37316786617021247,4.624216810044178,92,227073.5505,56.085576422076514,0.14207157644139284
7386,Temecula,CA,"Riverside-San Bernardino-Ontario, CA",Riverside County,323,542629.7124,1017856.141,756815.375477686,174951.04813549714,658936.4967,1011336.983,0.5230784148274262,7.141420060817078,99,542629.7124,86.37700072245437,0.23116740727561425
7394,Terrebonne,OR,"Bend, OR",Jefferson County,6869,391914.2787,836745.5441,629044.2572545455,147331.9546569412,578613.9419,797637.0645,0.5971360586537823,7.81198576913042,101,391914.2787,103.52334881643084,0.23421556266957969
7442,Toledo,WA,"Centralia, WA",Lewis County,10795,354732.146,767131.2738,554405.865207438,145002.4934313936,507834.3305,720854.5154,0.5961100366120357,8.110461376511381,102,354732.146,103.21093634406621,0.26154574208398584
7453,Tracy,CA,"Stockton, CA",San Joaquin County,306,479315.1427,1022336.482,713212.1516347107,177387.5240167504,609216.6996,923712.2951,0.5552120890751858,7.905422138668725,92,479315.1427,92.71502458626578,0.24871635124299427
7461,Tranquillity,CA,"Fresno, CA",Fresno County,18935,332439.7138,648706.4562,495787.333638843,88158.60389344337,492025.2587,552143.2328,0.4273597934638424,5.532117392767476,89,332439.7138,66.08822889679674,0.17781536136956383
7482,Tukwila,WA,"Seattle-Tacoma-Bellevue, WA",King County,2825,347554.0234,787883.7606,593008.7603619836,140430.88348234046,566313.4009,767259.2962,0.6655179474419429,8.598544358242595,98,347554.0234,120.75972209850123,0.2368108076457738
7484,Tulare,CA,"Visalia, CA",Tulare County,679,257973.6373,458918.8012,359162.6545818182,72748.12592348634,323106.9621,455495.7401,0.4765793622302159,6.46248297720276,102,257973.6373,76.56677824420473,0.2025492489139461
7518,Ukiah,CA,"Ukiah, CA",Mendocino County,1847,558687.1656,813076.598,682013.5272595041,65654.07878307832,675047.2173,631244.078,0.10440326029428007,1.5037747340805963,72,558687.1656,12.987037624549297,0.09626506829988013
7662,Valley Center,CA,"San Diego-Chula Vista-Carlsbad, CA",San Diego County,2891,686318.685,1224578.785,939051.4715008264,195104.86438362033,823634.8288,1214351.83,0.4796179209019273,6.4808223235106786,95,686318.685,76.93702015412855,0.20776801943752518
7777,Waterford,CA,"Modesto, CA",Stanislaus County,5400,311896.3137,613478.6113,473623.47886776854,96054.4256998836,443763.0618,592806.245,0.5389871766926244,6.728872723877854,105,311896.3137,90.06516555697273,0.20280756758408328
7784,Watsonville,CA,"Santa Cruz-Watsonville, CA",Santa Cruz County,612,799380.8605,1362182.599,1068744.3096404958,170425.50131062078,973943.0405,1249675.805,0.37632516502757885,4.89473596016071,86,799380.8605,56.330463581320636,0.15946330639921583
7943,Williams,OR,"Grants Pass, OR",Josephine County,14025,446145.3154,762207.1268,602752.3285280992,90304.86223075957,567673.0916,670204.6454,0.34264254260303645,4.6792290815341255,82,446145.3154,50.22115491655793,0.14982084341553847
7977,Winnemucca,NV,"Winnemucca, NV",Humboldt County,4223,286301.336,498640.7359,377969.57674793387,73365.58313837249,342973.7383,498640.7359,0.4652992719303803,6.074491308001025,105,286301.336,74.16640203872468,0.19410446673939488
7981,Winters,CA,"Sacramento-Roseville-Folsom, CA",Yolo County,5738,546412.7048,919671.2857,736636.9045917355,103967.36775705048,715728.2832,829332.8465,0.3506385114390658,4.555589142089777,86,546412.7048,51.77773855085517,0.14113787553811477
8081,Anacortes,WA,"Mount Vernon-Anacortes, WA",Skagit County,3291,569907.8228,1179672.753,877213.9227107438,212807.57280031007,795343.0287,1139537.952,0.5819563883263706,7.811647326981094,100,569907.8228,99.95127394485733,0.24259484179491542
8087,Carlotta,CA,"Eureka-Arcata, CA",Humboldt County,17945,516439.7681,752437.142,650778.9363793388,62467.68131960667,668494.7397,516439.7681,-0.045392031239112986,-0.03741966362279317,61,547968.8586,-5.753810641822493,0.09598909526351707
8113,Cazadero,CA,"Santa Rosa-Petaluma, CA",Sonoma County,16555,748225.6486,1047788.752,886018.911607438,63097.11039145295,870610.8509,847952.9349,0.10850251861349729,1.0284589229757921,67,748225.6486,13.32850410656185,0.07121418015444002
8136,Coulee Dam,WA,"Wenatchee, WA",Okanogan County,28607,182139.179,324308.4894,254081.65317438016,49012.87410980231,239368.3904,310791.7964,0.4484067365444386,5.8100882731265715,88,182139.179,70.63423592131157,0.19290205922961315
8185,Del Mar,CA,"San Diego-Chula Vista-Carlsbad, CA",San Diego County,10996,4193157.54,6814908.8,5291690.159363637,888504.2673794717,4736958.058,6133372.505,0.3218901047692938,4.684487965483203,72,4193210.059,46.269145086966894,0.16790557281727178
8238,Depoe Bay,OR,"Newport, OR",Lincoln County,16538,461572.927,893947.0678,658657.0599280993,166579.19486097214,567525.3806,834084.5731,0.49769007608104565,7.1094063641618375,84,461572.927,80.70483000836832,0.25290732460858517
8254,Clarkston,WA,"Lewiston, ID-WA",Asotin County,3136,291841.0132,487729.7801,390195.9167950413,72284.49489018117,367281.2296,486036.6163,0.4271400303019591,5.620547611965736,102,291841.0132,66.54157377356584,0.18525179731224645
8334,Albion,CA,"Ukiah, CA",Mendocino County,19817,768330.8021,1208597.626,957062.5172280992,118756.7340906317,948831.5227,942857.4986,0.17367943311543563,2.504574664875486,79,768822.2165,22.636609396159415,0.12408461511436258
8383,Berry Creek,CA,"Chico, CA",Butte County,16447,375969.8479,551140.0313,453606.4608884297,47962.8256577027,450615.9396,398296.1018,0.05308033255954016,0.4284964746496048,69,375969.8479,5.938309687520027,0.10573664573419682
8384,Fountain Valley,CA,"Los Angeles-Long Beach-Anaheim, CA",Orange County,1037,816900.7092,1614337.648,1142436.9840396694,260721.17730648565,1009747.92,1603478.838,0.5380308094761822,7.492808350761445,90,846120.2561,89.5095675159549,0.22821493084421407
8572,Hughson,CA,"Modesto, CA",Stanislaus County,4527,440475.0965,802992.5453,629057.4450243801,120622.18143561907,591982.0062,792558.4531,0.4935571723882018,6.262215823506043,98,440475.0965,79.93263623701824,0.1917506618667301
8601,Lakeside,OR,"Coos Bay, OR",Coos County,16948,244119.4729,450941.6592,348562.1499619835,76942.69921876062,315703.472,447201.9827,0.5077103372497772,6.708355145109506,101,244119.4729,83.18980349559816,0.22074312780992572
8621,Green Valley Lake,CA,"Riverside-San Bernardino-Ontario, CA",San Bernardino County,21085,220888.6926,443386.244,326983.68072975206,81697.68038014234,280034.1456,408238.6308,0.5148552257362732,7.641301460778634,75,222005.2132,83.88695693926164,0.24985247030619995
8625,Independence,OR,"Salem, OR",Polk County,4957,302342.317,608015.9637,463817.6806198347,105521.9086335565,432350.1966,601029.5699,0.5759274330469281,7.558694824879685,103,302342.317,98.79108418025389,0.22750730091302163
8638,Fairview,OR,"Portland-Vancouver-Hillsboro, OR-WA",Multnomah County,7294,372357.2739,667514.7796,529719.0330438017,91089.81135056033,496133.5089,636248.0995,0.4495256414062257,5.658465457495378,98,372357.2739,70.87032914277657,0.17195872843600138
8646,Inverness,CA,"San Francisco-Oakland-Berkeley, CA",Marin County,20992,1421585.292,2427228.203,1886156.3400413224,272668.112032909,1773919.654,2105635.063,0.3150395741726883,4.445616719289313,77,1453087.696,44.9076383205436,0.1445628372603171
8873,Mulino,OR,"Portland-Vancouver-Hillsboro, OR-WA",Clackamas County,10729,536076.8155,1044729.115,801310.7327603307,158158.01352013316,755574.0576,986896.4627,0.5124486961843442,6.432416445952085,98,536076.8155,84.09609111327069,0.1973741359675981
8918,Maple Falls,WA,"Bellingham, WA",Whatcom County,10633,229617.5729,526961.8726,386763.03306859505,101770.0164123342,367090.9905,504420.4221,0.6608428028601357,8.91616961381658,105,229617.5729,119.67849225532862,0.2631327394577666
8935,Parlier,CA,"Fresno, CA",Fresno County,3979,218035.3001,424133.5576,322946.45769173553,69295.40371349278,294102.3162,423524.2967,0.5565690182063374,7.125920454623566,106,218035.3001,94.24574667760417,0.21457242234140816
8996,Newcastle,CA,"Sacramento-Roseville-Folsom, CA",Placer County,6786,778111.453,1404655.611,1077428.977568595,212126.48039039844,987469.8307,1330036.908,0.4382201450177632,6.040764688057397,88,790162.6522,68.32444615002522,0.19688210063655293
9019,Nicolaus,CA,"Yuba City, CA",Sutter County,21597,728305.9958,1334340.536,977174.2804090909,155736.97994463835,945255.3751,1016328.863,0.2837400271652261,4.184631070736817,80,728305.9958,39.54695812762385,0.15937482501017072
9020,Nipomo,CA,"San Luis Obispo-Paso Robles, CA",San Luis Obispo County,3033,784017.0367,1345945.246,1034254.6225041322,185753.36878238272,931588.1447,1345945.246,0.44861375256336006,5.96531286784008,90,788418.5243,70.71456396778626,0.17960119755871873
9058,Mentone,CA,"Riverside-San Bernardino-Ontario, CA",San Bernardino County,6064,351591.334,679386.8908,509683.764414876,116050.49461453698,462043.8776,666329.3625,0.5367624000238568,7.4391278325126065,91,351591.334,89.51814167865699,0.22769117385515417
9174,Moclips,WA,"Aberdeen, WA",Grays Harbor County,28013,329063.8923,709035.0714,523468.9278785124,133087.55935024619,471376.6245,687058.7917,0.6195079312197183,8.110769035012138,91,329063.8923,108.79191177670269,0.2542415648042693
9208,Salida,CA,"Modesto, CA",Stanislaus County,5352,300463.2797,579948.5308,445179.0370710744,95556.29384008993,415165.7386,561617.9704,0.5248682778042182,7.006050779127886,107,300463.2797,86.91734010250836,0.21464688559635395
9255,San Pablo,CA,"San Francisco-Oakland-Berkeley, CA",Contra Costa County,1406,409362.4208,790187.9581,618227.578614876,107862.22007758815,603591.2108,684218.3514,0.4326085976782462,5.764051647358722,91,409362.4208,67.14244313458487,0.1744700880527699
9261,Stratford,CA,"Hanford-Corcoran, CA",Kings County,14705,331606.0308,536309.9066,438416.0021677686,70475.03120127875,405114.5927,534943.552,0.39494280189969183,5.214497569237663,73,335074.9541,59.64892196638223,0.16074922186419208
9287,Vaughn,WA,"Seattle-Tacoma-Bellevue, WA",Pierce County,19907,546796.7534,1226295.717,903766.5223165288,236352.03812210847,868963.1129,1185124.221,0.6496621941549184,8.712539126375207,101,546796.7534,116.7394399529366,0.261518912557518
9307,Sweet Home,OR,"Albany-Lebanon, OR",Linn County,4237,237878.5321,529409.9635,393820.9233173554,98808.85606348157,365496.8657,524632.8775,0.663460343805094,8.627488693505102,105,237878.5321,120.54654233340123,0.25089793409442024
9310,Vernonia,OR,"Portland-Vancouver-Hillsboro, OR-WA",Columbia County,11609,283652.5804,560105.9931,435469.6325727273,90345.20117103544,407292.5579,543355.6582,0.5453306245738655,7.015398422963015,102,283652.5804,91.5567478475863,0.2074661340614767
9353,Waitsburg,WA,"Walla Walla, WA",Walla Walla County,15875,319534.7163,625094.9334,480199.5874165289,101156.52496237004,452970.1295,606438.2296,0.5379379800227613,7.000424955788916,98,319534.7163,89.78790055182496,0.21065516841984722
9355,Winton,CA,"Merced, CA",Merced County,3969,240324.3944,511151.0483,381345.886676033,94981.58726489996,349029.7458,500406.5048,0.61582350813556,8.309146389307964,103,240324.3944,108.221269442633,0.24906938971545856
9362,Wolf Creek,OR,"Grants Pass, OR",Josephine County,17310,332886.6041,629153.4211,488640.64006198343,80962.90832910077,464563.4292,543485.0146,0.4130457392464171,5.5247424178962845,82,332886.6041,63.26430919903755,0.16569008324569715
9376,Tehama,CA,"Red Bluff, CA",Tehama County,28607,220989.5208,396424.117,306699.4618561983,58737.58738330237,305616.7694,363491.9347,0.4185231729729004,5.42369822070532,90,220989.5208,64.48378791181125,0.19151513024448205
9403,Thousand Palms,CA,"Riverside-San Bernardino-Ontario, CA",Riverside County,6631,255937.4171,518055.3578,389612.0182041322,95119.8688070142,349765.7221,499546.4548,0.561580185116816,7.593302144064811,96,255937.4171,95.18304922363774,0.24413997608558718
9553,Mendota,CA,"Fresno, CA",Fresno County,5955,175155.4785,365929.3123,270938.44675950415,64177.90325293233,247378.2649,365929.3123,0.6176175820561676,7.88380067758577,110,175155.4785,108.91685229246197,0.23687263295599836
9661,Onyx,CA,"Bakersfield, CA",Kern County,20856,303641.3658,439614.0979,372582.5397900826,39673.80391982451,368957.9153,399363.9245,0.21215140360571677,3.0986573795337624,75,311041.4302,28.39573308392022,0.10648326124508464
9662,Oregon City,OR,"Portland-Vancouver-Hillsboro, OR-WA",Clackamas County,1038,459324.1228,852846.9852,672559.4198636364,126638.74270941719,629964.2814,827758.4252,0.4938219024483097,6.219988926132115,101,459324.1228,80.21226931301942,0.18829376107035065
9675,Boardman,OR,"Hermiston-Pendleton, OR",Morrow County,9491,247187.4062,474655.3675,365618.7330090909,86121.79297670578,337857.5893,470316.1452,0.5392356024073239,7.260753335030504,100,247187.4062,90.26703359614768,0.2355508216658155
9735,Los Molinos,CA,"Red Bluff, CA",Tehama County,16062,276541.1877,504463.9835,394318.8095752066,71182.2738510605,386002.7031,453605.0789,0.4158448478680357,5.428262235969985,89,276541.1877,64.02803599443715,0.18051960018783794
9805,White Water,CA,"Riverside-San Bernardino-Ontario, CA",Riverside County,14122,243285.4892,503446.0551,380190.6782834711,87496.85360055245,349971.9756,470732.3168,0.555266792590943,7.376831327535227,88,243285.4892,93.48968092914929,0.23013939740867234
9840,Agoura Hills,CA,"Los Angeles-Long Beach-Anaheim, CA",Los Angeles County,2750,1083263.591,1982580.997,1499300.496983471,321190.88624445704,1343436.636,1945865.644,0.45017903314732166,6.659345621820092,74,1142289.05,70.34792060731039,0.21422715919235635
9889,Ducor,CA,"Visalia, CA",Tulare County,22045,197403.8253,395270.8187,295013.1468669422,58946.09138945101,286130.546,394376.8724,0.5802217613851719,7.491032624141954,102,197403.8253,99.78177819029325,0.199808354357974
9931,Jacumba,CA,"San Diego-Chula Vista-Carlsbad, CA",San Diego County,22958,284385.7278,468069.0604,383937.9866487603,62384.418848921654,362953.2224,441400.3412,0.37141034024292735,5.261798422270741,75,284385.7278,55.21184716780996,0.16248566439973824
9940,Palo Cedro,CA,"Redding, CA",Shasta County,9695,558545.9172,835706.8879,683932.9731243802,90282.63886388582,640470.9505,776823.4134,0.27730501632816457,3.760084880549934,88,558545.9172,39.07959748309121,0.1320050975923148
9966,Yachats,OR,"Newport, OR",Lincoln County,18671,416101.6514,835646.2707,627741.3812223141,158778.98919782514,555421.1664,832816.9142,0.5820784915144751,7.854387202079681,99,416101.6514,100.14746670625686,0.2529369481563518
10128,Anderson,CA,"Redding, CA",Shasta County,2476,312920.9836,500089.2363,404096.9522322314,61223.49695032002,381431.7311,465607.8472,0.3335920245515602,4.5026993601741365,92,312920.9836,48.79406355029751,0.1515069505278905
10150,Anza,CA,"Riverside-San Bernardino-Ontario, CA",Riverside County,9863,319970.1563,640894.3706,488332.9500966942,97969.72913627015,469662.0787,564177.6709,0.47776286154102315,6.353894051408916,88,319970.1563,76.32196621832261,0.20062076318395325
10157,Arcata,CA,"Eureka-Arcata, CA",Humboldt County,3009,555488.0614,824644.7047,692412.1629157024,65638.63056109105,686523.6353,672422.7289,0.15456304800485524,2.3796337375932004,68,560163.7099,20.040394801734006,0.09479705019145108
10241,Baldwin Park,CA,"Los Angeles-Long Beach-Anaheim, CA",Los Angeles County,737,477186.3078,852002.1161,663015.3068900827,127341.65815462872,623996.0052,823034.6841,0.44958286043796747,6.335263587533167,80,482551.4008,70.55896692777769,0.19206443174281032
10343,Belmont,CA,"San Francisco-Oakland-Berkeley, CA",San Mateo County,2291,1886879.957,3118478.716,2470268.164818182,321073.6502921028,2443007.585,2902490.471,0.36566250714965154,4.43598632536854,83,1886879.957,53.82486099511841,0.12997522085450774
10348,Belvedere,CA,"San Francisco-Oakland-Berkeley, CA",Marin County,13296,6017703.393,8070846.743,6788143.282867769,565220.4764709979,6551936.579,7049589.276,0.11998127197257541,1.6699062515192422,59,6132438.983,14.955718198623282,0.08326584353302141
10389,Beverly Hills,CA,"Los Angeles-Long Beach-Anaheim, CA",Los Angeles County,1885,4446104.495,10943113.39,8127238.894760331,2100249.39096816,9032023.996,9100747.003,0.47700618268926837,8.381053082520099,70,5232475.085,73.92814786809446,0.25842102319918275
10402,Big Sur,CA,"Salinas, CA",Monterey County,15261,3372476.771,4830264.797,3871013.6104545454,336792.29860679636,3811898.824,3915976.637,0.11727035651748013,1.571226122463933,66,3425591.083,14.31535586467429,0.08700364620191797
10430,Blaine,WA,"Bellingham, WA",Whatcom County,5443,434423.7023,888602.3295,655994.0854743802,157569.95925786562,608547.3714,850290.5359,0.5639574950751164,7.746508812215701,104,434423.7023,95.7283940536041,0.24020027428131363
10479,Bodega Bay,CA,"Santa Rosa-Petaluma, CA",Sonoma County,18425,1176357.55,2150699.836,1607631.2012561983,342113.24997919647,1419225.312,1965493.805,0.429760406825339,6.044917005346933,80,1181863.043,66.30470143231307,0.21280580378874842
10480,Bodfish,CA,"Bakersfield, CA",Kern County,14991,166774.5398,264707.0983,214246.62327024795,34688.679610383464,199347.9923,261906.8486,0.36039641909609016,4.887259835112046,92,170486.2474,53.62344622760463,0.16191004124544642
10546,Brewster,WA,"Wenatchee, WA",Okanogan County,9688,309913.4077,565478.214,435980.4368793389,92098.26186105463,400646.2933,533790.9949,0.45661899289785046,6.235470546223124,96,309913.4077,72.23875496755414,0.21124402397565278
10608,Buena Park,CA,"Los Angeles-Long Beach-Anaheim, CA",Orange County,607,627949.4195,1117982.325,851475.2132826446,163158.13631401485,777745.9323,1103958.255,0.46294686662815354,6.407313196521596,86,636437.5821,73.45899834471763,0.1916181866116812
10649,Cabazon,CA,"Riverside-San Bernardino-Ontario, CA",Riverside County,17355,174178.8332,398696.2978,288581.93899752066,79671.58810374713,261081.1789,385450.6521,0.667476707867885,8.988541748008666,90,174178.8332,121.29592041612094,0.2760796063000728
10662,Calexico,CA,"El Centro, CA",Imperial County,1636,261239.844,447848.0089,357207.59587190085,57014.15753160141,343389.3583,447848.0089,0.4512437207542625,5.48036331560723,107,261239.844,71.43173952438893,0.1596107087040988
10665,Calimesa,CA,"Riverside-San Bernardino-Ontario, CA",Riverside County,4849,374654.8393,688908.4925,527283.271153719,110382.54903191695,473653.4334,658932.4615,0.4741594758293441,6.44357932308416,92,374654.8393,75.87720546493952,0.20934202746541733
10723,Carson,CA,"Los Angeles-Long Beach-Anaheim, CA",Los Angeles County,635,523602.9288,930420.3625,729527.6198909091,140414.06379049033,694683.9772,898449.5202,0.4491226235786475,6.300589771408389,84,526824.9584,70.54042445685315,0.19247258083455063
10725,Caruthers,CA,"Fresno, CA",Fresno County,8055,516250.1033,921645.7616,713731.970123967,121656.72390408498,678081.3309,823571.5929,0.3933573672674665,5.126768502941932,87,516250.1033,59.529574451515664,0.17045155464025888
10734,Castaic,CA,"Los Angeles-Long Beach-Anaheim, CA",Los Angeles County,2905,578734.9824,1015874.218,790995.826709091,153865.44588097036,717259.2841,991214.2385,0.451985154308122,6.224786453375916,87,578734.9824,71.27256320146029,0.19452118542915947
10769,Central Point,OR,"Medford, OR",Jackson County,2116,345316.5579,612798.547,486156.9240107438,87421.72959303083,450816.5775,584857.852,0.4421889965635509,5.836066055261388,92,345316.5579,69.36860935853778,0.17982203950076592
10772,Ceres,CA,"Modesto, CA",Stanislaus County,1322,295616.7039,568535.5674,435680.15327438014,94115.3759144313,403881.628,557215.7269,0.5318849281044027,7.001521671264529,106,295616.7039,88.49263913330574,0.2160194243577578
10774,Cerritos,CA,"Los Angeles-Long Beach-Anaheim, CA",Los Angeles County,1214,727110.3086,1279600.106,969467.8483685951,174167.90022117097,896322.1504,1276445.773,0.4366898602523187,6.024084895028343,80,760261.4905,67.89562393335508,0.1796530957826584
10790,Chehalis,WA,"Centralia, WA",Lewis County,2846,302129.2988,688348.2126,501839.63574380166,138362.68577813994,467930.7722,673558.1478,0.6728952387572786,9.004426982584237,110,302129.2988,122.93705061880613,0.2757109560966935
10815,Chino Hills,CA,"Riverside-San Bernardino-Ontario, CA",San Bernardino County,710,734061.3496,1285041.59,958849.861309091,181626.11737526668,858682.2285,1282398.776,0.42077899831874394,6.112061398554869,81,778526.344,64.72130787651291,0.18942080997675445
10850,Clearlake,CA,"Clearlake, CA",Lake County,3845,184175.473,364785.6427,281340.574846281,49595.63090042329,278250.5817,308243.6324,0.4330982930016354,5.6817420059261625,82,184175.473,67.36410520851493,0.17628325003430942
10870,Clipper Mills,CA,"Chico, CA",Butte County,27013,232101.5666,365015.9005,302832.73059421487,36335.719846417385,307131.09,324871.9064,0.2839085827825852,3.507428517570745,81,232101.5666,39.969717205691616,0.11998610511855788
10902,Colfax,CA,"Sacramento-Roseville-Folsom, CA",Placer County,5702,469570.8846,790508.5313,631783.3879462809,93206.61265079713,612856.276,711114.2695,0.3491244840204744,4.5391535805998595,83,469570.8846,51.43917411015736,0.14752938179299244
10903,Colfax,WA,"Pullman, WA",Whitman County,9283,280635.7084,484175.0806,380990.22097107436,77889.48479052182,363110.8621,478171.0275,0.446561364647514,6.118238374133556,97,280635.7084,70.38851906131843,0.20443959058055552
10931,Connell,WA,"Kennewick-Richland, WA",Franklin County,9659,251347.1469,481849.2858,374610.7600727273,82161.9223395806,352717.9054,478197.0685,0.5395982549908418,7.111628045722913,98,251347.1469,90.25362905362663,0.21932611418750922
10939,Cool,CA,"Sacramento-Roseville-Folsom, CA",El Dorado County,9350,459906.1688,761503.8284,613517.9779421488,88564.42733802476,579095.9335,701503.7694,0.3557419883510905,4.691946939652226,90,459906.1688,52.53193303111876,0.14435506459824698
10951,Corning,CA,"Red Bluff, CA",Tehama County,3875,271882.8177,484499.9803,380355.3363950413,66405.30108609665,371760.309,437869.141,0.40045828076146756,5.20621845229534,96,271882.8177,61.0506852563048,0.1745875362640564
10961,Corte Madera,CA,"San Francisco-Oakland-Berkeley, CA",Marin County,5253,1690543.73,2684964.82,2135894.99992562,274195.55938147585,2005045.817,2365987.13,0.2850868237711111,3.7092728299510154,69,1690543.73,39.954210471680604,0.12837501814978003
10991,Crescent City,CA,"Crescent City, CA",Del Norte County,3036,285914.9416,533687.9474,420593.74622561986,80638.99660748277,397841.417,527276.1715,0.5136337288260677,6.395562006744048,93,285914.9416,84.41714467572969,0.19172657066618734
11052,Dayton,NV,"Fernley, NV",Lyon County,3444,262780.7809,588922.6624,439627.5868595041,106285.32708561716,424395.0032,566638.9231,0.6449086086483826,8.361871439240643,104,262780.7809,115.63179817006169,0.24176218750254122
11110,Dexter,OR,"Eugene-Springfield, OR",Lane County,16009,411080.0136,782590.3061,611846.8928900827,124546.87767374428,580925.9449,743745.49,0.4972986789346729,6.518076783976562,95,411080.0136,80.92475075270843,0.2035588954050943
11150,Drain,OR,"Roseburg, OR",Douglas County,17467,236139.8263,480180.4982,365215.09185702476,86366.7771853742,340361.8582,458915.5826,0.5575498364621987,7.500603270780096,95,236139.8263,94.3406115734913,0.236481950256276
11180,Durham,CA,"Chico, CA",Butte County,10282,585865.61,976954.0808,780138.4269710743,117948.1999748657,784752.8687,866007.2062,0.32772307639797016,4.296134654714766,81,586462.9549,47.666139687828384,0.15118880944347962
11228,East Palo Alto,CA,"San Francisco-Oakland-Berkeley, CA",San Mateo County,2353,835447.6998,1524761.703,1279827.7459338843,165725.33016073823,1333045.292,1326938.237,0.39112488242840227,4.772507039314927,80,835447.6998,58.829599664665935,0.129490340154963
11274,El Centro,CA,"El Centro, CA",Imperial County,1062,293180.4934,498309.6243,391289.2546297521,63253.78751122456,370142.3183,498309.6243,0.4439531523732344,5.382897926413033,107,293180.4934,69.96684142288167,0.1616548033527701
11337,Escondido,CA,"San Diego-Chula Vista-Carlsbad, CA",San Diego County,204,620949.9731,1206207.588,880478.3647198346,207947.8234667556,760063.663,1189755.056,0.5469311220323099,7.455847334801431,97,620949.9731,91.60240076351494,0.2361759604768073
11367,Everson,WA,"Bellingham, WA",Whatcom County,24221,301442.5505,629497.4969,476812.41025371896,114267.51643764864,447201.3616,623340.5284,0.6093185233197237,8.011242446491874,102,301442.5505,106.78584604796856,0.23964878845507648
11394,Fairfield,WA,"Spokane-Spokane Valley, WA",Spokane County,28607,188117.2773,424944.5473,311195.561946281,79722.27670538757,301457.0946,395677.6311,0.6242744783696097,8.275612535185049,97,188117.2773,110.3356144523574,0.2561806351182776
11400,Fallbrook,CA,"San Diego-Chula Vista-Carlsbad, CA",San Diego County,1148,700735.3624,1227041.583,936158.2486355372,192187.61717586382,817660.1103,1224154.634,0.4690950007702739,6.359855548816981,95,700735.3624,74.69571248799303,0.20529394197613465
11429,Fiddletown,CA,"Sacramento-Roseville-Folsom, CA",Amador County,24046,471025.7937,800515.3202,631580.535585124,93301.27727942094,593153.053,695379.679,0.3287957844388709,4.398159814652064,83,471025.7937,47.63091285036776,0.14772665087435372
11462,Folsom,CA,"Sacramento-Roseville-Folsom, CA",Sacramento County,669,613692.7011,1073363.475,826358.3779652892,149467.66402013463,760259.3712,993052.2205,0.40415549175160465,5.585739092812854,94,614153.4818,61.69447050751869,0.18087511182274593
11477,Forest Ranch,CA,"Chico, CA",Butte County,14298,395324.2078,594901.8319,491115.6769834711,58246.45597065461,494582.843,513124.4389,0.21208470919273814,3.005698184404191,72,399065.3072,28.58157039515261,0.1186002783059498
11535,Freedom,CA,"Santa Cruz-Watsonville, CA",Santa Cruz County,6304,546103.1051,915311.9092,728382.9029132231,115159.2728375328,680808.1676,864328.5375,0.38613239834942475,5.020869133417521,94,546103.1051,58.27204229899551,0.15810265778746932
11540,Fremont,CA,"San Francisco-Oakland-Berkeley, CA",Alameda County,124,1250705.886,2246128.354,1711142.6149586777,313804.801785489,1609595.758,2205545.987,0.48043020306575734,6.4099938010161015,81,1250705.886,76.34409589721882,0.18338904019000607
11595,Geyserville,CA,"Santa Rosa-Petaluma, CA",Sonoma County,13612,2200812.654,3398977.194,2763501.097173554,288616.09264250286,2724528.629,2500679.823,0.10672662552970058,1.1492405603286324,67,2215819.346,12.855762700791942,0.10443856633083766
11604,Gilroy,CA,"San Jose-Sunnyvale-Santa Clara, CA",Santa Clara County,840,857008.8559,1534571.292,1193184.519910744,227633.9755692658,1095246.175,1465357.128,0.4520941847045179,5.976926706108697,80,857008.8559,70.98506251270116,0.19077851897231615
11626,Glendora,CA,"Los Angeles-Long Beach-Anaheim, CA",Los Angeles County,1101,708707.9399,1224075.983,954072.4221917355,173240.8917654669,873026.8082,1199471.905,0.400325589171128,5.83290174801077,79,746289.3456,60.7247794802231,0.18158044162673792
11677,Granite Bay,CA,"Sacramento-Roseville-Folsom, CA",Placer County,2885,1011757.89,1794905.12,1357970.2447933885,269849.0932842304,1215614.538,1682842.957,0.41136773744944466,5.813077411523892,88,1032893.008,62.92519592697251,0.19871502657651177
11685,Grass Valley,CA,"Truckee-Grass Valley, CA",Nevada County,1249,490914.3115,783508.8218,635044.433861157,85451.04461318352,600903.8313,706243.2557,0.3061467362125111,4.067603113060068,83,490914.3115,43.86283698718365,0.1345591584727851
11745,Grover Beach,CA,"San Luis Obispo-Paso Robles, CA",San Luis Obispo County,4617,562533.4738,927369.4143,747651.3465454545,121502.70407186302,690118.4266,916666.5457,0.4018979036327114,5.555021003008222,80,567875.4485,61.42035161430296,0.16251251954974724
11865,Hemet,CA,"Riverside-San Bernardino-Ontario, CA",Riverside County,290,271662.9843,550224.7275,411937.7590190083,99616.04510563257,367916.3691,538020.4556,0.5737839542608686,7.7957389205821865,98,271662.9843,98.04702395739675,0.2418230495375296
11867,Henderson,NV,"Las Vegas-Henderson-Paradise, NV",Clark County,74,386456.1994,722714.736,544964.7833289256,119487.35130812429,498157.5807,716602.9807,0.5186173929907634,6.999789360767773,103,386456.1994,85.42928844525608,0.21925701433078665
11914,Hillsboro,OR,"Portland-Vancouver-Hillsboro, OR-WA",Washington County,367,399522.4784,734978.8415,580993.047323967,106602.51716505585,544599.6089,699596.9354,0.4698675676737414,6.055191679263226,95,399522.4784,75.10827881368087,0.18348329236651487
11960,Homeland,CA,"Riverside-San Bernardino-Ontario, CA",Riverside County,7696,330463.1366,677644.6262,505551.95717190084,119827.8461995293,459180.5931,659751.2178,0.5805691360669322,7.5869259876675175,100,330463.1366,99.64442164046201,0.23702380042173335
12035,Imperial,CA,"El Centro, CA",Imperial County,3418,305076.3559,496764.3005,398946.6376206611,62837.687275055505,377718.3362,496764.3005,0.4084869023499054,5.031291654564567,107,305076.3559,62.83277641576155,0.15750900333393658
12072,Island City,OR,"La Grande, OR",Union County,25348,264908.747,465994.3264,356040.1217735537,70712.42364277314,325861.3488,465994.3264,0.47322756262608745,6.107383077829629,104,264908.747,75.90748953261254,0.1986080200470979
12214,Kirkland,WA,"Seattle-Tacoma-Bellevue, WA",King County,597,906319.7385,2353007.035,1568812.534092562,432543.9547731294,1387516.44,2151462.603,0.7315803081781795,9.992465152176983,93,906319.7385,137.3845025775084,0.27571423951130203
12231,La Center,WA,"Portland-Vancouver-Hillsboro, OR-WA",Clark County,5925,435968.396,920501.9288,693974.5726669421,166004.4713966245,633690.6554,912316.2248,0.6195289890912059,8.12261309431562,107,435968.396,109.26200916637086,0.23920829081484904
12232,La Conner,WA,"Mount Vernon-Anacortes, WA",Skagit County,10175,469029.3483,858714.3821,655049.0553214876,133181.0071214091,600363.6647,825526.0415,0.4752571732525369,6.273086593093587,89,469029.3483,76.0073318422663,0.2033145549016111
12257,Lagunitas,CA,"San Francisco-Oakland-Berkeley, CA",Marin County,20322,887422.1685,1366482.903,1126459.5826876033,131227.5052766397,1077595.946,1233657.714,0.27903607635535,3.651162782308119,66,887699.2398,38.97248737961575,0.11649552926128601
12265,Lake Forest Park,WA,"Seattle-Tacoma-Bellevue, WA",King County,4508,669695.5969,1470839.647,1075212.5070099174,254571.05250397162,975054.1436,1421954.507,0.6345757856805304,8.359220433020294,96,669695.5969,112.32848380401231,0.23676347777232798
12292,Lakewood,CA,"Los Angeles-Long Beach-Anaheim, CA",Los Angeles County,638,593326.4642,997354.2874,789870.4985743802,137885.102791213,736672.3002,973519.7611,0.401957689496422,5.644639803206595,80,603903.9549,61.20440232275087,0.17456672079800267
12331,Laughlin,NV,"Las Vegas-Henderson-Paradise, NV",Clark County,6223,220074.3593,407810.0739,310034.18999917357,65998.71177287861,284881.0525,390150.5026,0.4807353956353559,6.562951799310201,103,220074.3593,77.28121705816548,0.21287559211793555
12410,Live Oak,CA,"Yuba City, CA",Sutter County,4919,296953.8928,600399.6585,450103.33795123966,92853.99374110573,428096.4307,536078.2297,0.4964280162817757,6.694375368328667,97,296953.8928,80.52574581369491,0.20629483479006044
12418,Lockeford,CA,"Stockton, CA",San Joaquin County,10755,459378.3969,792991.1486,629303.6239694215,106426.79785369469,587840.2387,748695.4418,0.41070492212843346,5.392520186139637,92,459378.3969,62.98011548918792,0.16911836163026145
12423,Loma Linda,CA,"Riverside-San Bernardino-Ontario, CA",San Bernardino County,2784,464578.8218,794456.9779,622259.8915983471,117828.14382668136,569865.2145,785709.3564,0.4295079048264205,5.998608075984999,84,471270.5425,66.72150825128223,0.18935519614485521
12447,Los Angeles,CA,"Los Angeles-Long Beach-Anaheim, CA",Los Angeles County,1,1006913.602,1844867.975,1472870.2716198347,283249.33599038667,1430537.668,1756950.669,0.42035965003926584,6.328751709606875,70,1070835.327,64.07290875639929,0.1923111230148426
12487,Lyons,OR,"Salem, OR",Marion County,11209,327245.9454,678545.0994,520510.56185123965,118622.3324649898,491688.9584,664840.2934,0.594302307745586,7.715829391463217,101,327245.9454,103.16227068523365,0.22789611039418584
12520,Malibu,CA,"Los Angeles-Long Beach-Anaheim, CA",Los Angeles County,3719,4312659.403,8820393.798,6518419.424876032,1422770.671032697,6399449.382,7575090.749,0.36236916094671107,6.5592765951945005,65,4975957.132,52.233842616632884,0.21826927331540272
12544,Manton,CA,"Red Bluff, CA",Tehama County,26253,350684.6307,528570.9941,429768.2770107438,49332.15390816465,406591.5336,458833.5577,0.2212729378116916,2.991519487034122,77,353283.7779,29.876769442234846,0.11478779739466762
12556,Marcola,OR,"Eugene-Springfield, OR",Lane County,16819,389052.7606,731872.8258,562580.2516578513,122718.12488342606,514923.0703,730249.0643,0.5281869714383355,6.857069615234844,104,389052.7606,87.6992372895143,0.2181344341927958
12592,Martinez,CA,"San Francisco-Oakland-Berkeley, CA",Contra Costa County,1248,677147.1754,1152555.373,908851.2971876033,143705.97601099283,844040.3729,1045761.69,0.3664512067134716,4.956963008715756,81,677147.1754,54.43639551213582,0.15811824932822793
12654,McKinleyville,CA,"Eureka-Arcata, CA",Humboldt County,3559,493932.6007,776994.7436,633403.9983446281,76404.8948770297,621936.6125,663103.065,0.23962464258924807,3.5146788647239644,74,498801.895,32.939163152136764,0.12062584871063387
12669,Medina,WA,"Seattle-Tacoma-Bellevue, WA",King County,12503,4673640.326,9928266.225,7100750.147132231,1572948.477466763,6417927.099,9026829.587,0.5557287963172942,7.282574321586127,92,4673640.326,93.14343760649926,0.2215186346335573
12689,Merrill,OR,"Klamath Falls, OR",Klamath County,24908,184383.0117,377109.2222,286244.7490289256,65749.66107870339,265321.738,377109.2222,0.6004721884376247,7.62486465358602,104,184383.0117,104.52492814987467,0.22969735270867536
12710,Middletown,CA,"Clearlake, CA",Lake County,9217,369016.4573,579071.1724,470015.4849421488,53518.436233083165,464861.8985,484170.592,0.2302903907219252,2.8418804334090835,67,369016.4573,31.20569080917248,0.11386526177891865
12751,Milwaukie,OR,"Portland-Vancouver-Hillsboro, OR-WA",Clackamas County,1188,367365.6576,678557.339,542974.5992636364,92096.77119881197,510920.6859,643535.6139,0.47040560084366595,5.790485464017972,92,367365.6576,75.17576849839979,0.16961524779190493
12768,Miramonte,CA,"Fresno, CA",Fresno County,23535,368514.9165,576527.5,458102.4328363636,55899.88056957013,449217.2846,470020.7679,0.2052117901538266,3.002044983226456,73,369348.1049,27.256851101823536,0.12202484982117053
12773,Mission Viejo,CA,"Los Angeles-Long Beach-Anaheim, CA",Orange County,495,783965.9439,1575016.098,1090870.5343090908,262923.1039398306,932325.2129,1555574.819,0.5556050799329987,7.853578850845656,86,803973.0505,93.48594060865226,0.24102136382880163
12804,Monte Rio,CA,"Santa Rosa-Petaluma, CA",Sonoma County,18190,601744.7799,960562.7423,771701.5159495869,85650.92571249293,769437.3511,775589.0492,0.21598115463310882,2.712086034596852,62,601744.7799,28.890033633343705,0.11098970773317525
12876,Mountlake Terrace,WA,"Seattle-Tacoma-Bellevue, WA",Snohomish County,3067,379036.0116,880845.2778,647766.942909091,159903.62720510236,596908.5785,859133.7604,0.6892700179620094,9.222435575862802,94,379036.0116,126.66283258242261,0.24685363919156272
12926,Neotsu,OR,"Newport, OR",Lincoln County,26341,403444.8301,871523.4058,636347.6190727273,173590.3101580117,544330.0237,837481.4747,0.6142040873686125,8.286930307621553,91,403444.8301,107.58265126173939,0.2727916392788017
12975,Newman Lake,WA,"Spokane-Spokane Valley, WA",Spokane County,8000,361146.8857,824417.0367,592675.2805950413,169581.89126129242,542229.4418,800984.348,0.6692930341788692,9.074218981711768,101,361146.8857,121.78907799453302,0.2861295161340853
13070,Oakhurst,CA,"Madera, CA",Madera County,7316,357725.5094,615158.7291,482729.860938843,90342.21833106587,446415.376,602991.6865,0.4352035451520621,5.847682993958918,88,359147.9078,67.89508539634599,0.18714860140485762
13072,Oakland,CA,"San Francisco-Oakland-Berkeley, CA",Alameda County,51,995534.1905,1663474.741,1323388.6219876034,158491.90161197443,1300584.565,1305283.388,0.23011918824194685,3.070429327940033,75,995534.1905,31.113868358898923,0.11976217641491789
13082,Occidental,CA,"Santa Rosa-Petaluma, CA",Sonoma County,15945,1277770.696,1926832.774,1605460.9158429753,156785.56976241624,1594309.272,1633873.573,0.20756624929161618,2.4024567273696444,70,1280252.335,27.621214063241695,0.09765766840863468
13091,Ojai,CA,"Oxnard-Thousand Oaks-Ventura, CA",Ventura County,2971,1107950.247,2128599.937,1578733.166305785,371656.85165323946,1356067.596,2069786.614,0.5175637896451899,7.092398906473584,85,1119569.433,84.87344804098453,0.23541460937500389
13108,Ontario,CA,"Riverside-San Bernardino-Ontario, CA",San Bernardino County,198,452251.7355,818321.5689,625075.3234314049,128618.11840010129,562936.947,805964.006,0.4653392317989734,6.64138861877667,85,463536.9996,73.87263728580257,0.20576419125624898
13114,Orange Cove,CA,"Fresno, CA",Fresno County,6120,199747.7007,385198.21,286202.1002595041,60189.13475161332,261372.9725,385198.21,0.5506226687860338,6.879785939582613,106,199747.7007,92.84237498109036,0.21030291076494145
13118,Oregon House,CA,"Yuba City, CA",Yuba County,24096,363582.1598,599422.152,491165.91858595045,70096.07677863044,476115.0363,544243.8276,0.34031067623488465,4.780269061147415,84,363582.1598,49.68936536913105,0.14271364141151038
13126,Orondo,WA,"Wenatchee, WA",Douglas County,13584,615116.0936,1301658.27,933786.5876396694,257136.81253631492,816897.2064,1276588.155,0.6123308456791399,8.693251260898549,99,616178.3462,107.17835394131868,0.275369999890745
13127,Oroville,CA,"Chico, CA",Butte County,1144,278985.8082,498790.618,391396.78411074384,66102.75193235492,393782.1315,440513.714,0.3841112965248065,5.049609836761009,85,278985.8082,57.898251829427615,0.1688893588702851
13150,Oxnard,CA,"Oxnard-Thousand Oaks-Ventura, CA",Ventura County,139,600251.2643,1034316.803,819652.7522214877,148997.28491085072,751164.364,1015574.105,0.44125899381582007,5.844337187326753,97,600251.2643,69.19149786120657,0.18178098530996997
13163,Palermo,CA,"Chico, CA",Butte County,18450,241214.0816,442735.897,341809.29401983466,56263.17153436466,350898.3132,360381.3696,0.33718960462441844,4.3937698815206865,74,242180.1379,48.80715352008228,0.1646039839136141
13213,Pasco,WA,"Kennewick-Richland, WA",Franklin County,591,287254.4494,587746.6841,446521.23622231407,110321.93918782362,419204.5308,582294.5325,0.5921603878526575,7.976533842090576,103,287254.4494,102.71036139431857,0.24706985970292467
13228,Pe Ell,WA,"Centralia, WA",Lewis County,18450,199433.9769,495243.9591,350775.7552256198,102624.89782050051,327808.7316,474317.7569,0.7285141291532223,9.522926542767692,95,199433.9769,137.83197039581273,0.29256553878557523
13232,Pearblossom,CA,"Los Angeles-Long Beach-Anaheim, CA",Los Angeles County,15093,306336.8405,573927.7272,455881.76800661156,92091.23245523579,443913.5168,536733.8507,0.45764870537396135,6.703761043185072,80,312112.4183,71.9681176492297,0.20200683360932348
13256,Perris,CA,"Riverside-San Bernardino-Ontario, CA",Riverside County,362,324166.3406,661462.9958,492852.97450909094,119860.07830046621,442752.7932,655299.083,0.5905157759524532,7.841944959627039,106,324166.3406,102.14902071174505,0.24319641860709784
13318,Pixley,CA,"Visalia, CA",Tulare County,8066,199284.7738,364688.5366,284583.3949950413,54455.853888749116,262934.8225,364688.5366,0.5069646728540619,6.645987005783534,94,199284.7738,82.9986956083245,0.1913528858199825
13330,Pleasant Hill,OR,"Eugene-Springfield, OR",Lane County,13392,486990.6567,931776.0646,719589.2851710744,157665.0962090589,657713.4956,927816.9186,0.540782916424414,7.002131670681921,104,486990.6567,90.52047628329785,0.2191042855391819
13355,Pollock Pines,CA,"Sacramento-Roseville-Folsom, CA",El Dorado County,6285,351585.9867,575692.4251,468926.7485859504,63814.0429850084,446023.8078,525212.4617,0.3378400202507824,4.447694436306062,83,351585.9867,49.38378705865525,0.1360853122101475
13373,Portland,OR,"Portland-Vancouver-Hillsboro, OR-WA",Multnomah County,25,571497.1817,888059.477,738781.798409091,78805.08534800021,696959.1487,805532.1464,0.28878159850117335,3.420924724636412,78,571497.1817,40.951201894614705,0.10666895897773987
13378,Potrero,CA,"San Diego-Chula Vista-Carlsbad, CA",San Diego County,25783,504376.0343,775240.0261,636178.8017892562,81549.97626659661,624438.7735,711147.6641,0.2901967499858014,4.0648877282738445,77,504376.0343,40.9955302668115,0.12818719523070696
13430,Rainier,WA,"Olympia-Lacey-Tumwater, WA",Thurston County,8239,301693.9675,691738.2275,502830.44497190084,136862.49261545847,457655.0542,686211.238,0.6905006203357931,9.209586846072225,105,301693.9675,127.45275408929082,0.2721841805404337
13436,Rancho Santa Fe,CA,"San Diego-Chula Vista-Carlsbad, CA",San Diego County,5273,3938169.084,6508778.842,4876606.703008264,999721.1150778241,4143630.639,6453491.347,0.37071730248493057,5.481792550927239,77,4161952.702,55.05921881089172,0.20500343291188924
13478,Reno,NV,"Reno, NV",Washoe County,83,468368.6836,972913.9225,720068.5538429752,165647.48251530097,656781.3467,938770.2205,0.584731921281397,7.566780464288711,105,468368.6836,100.4340284419477,0.23004404459998623
13480,Renton,WA,"Seattle-Tacoma-Bellevue, WA",King County,249,492101.0997,1138986.522,807870.788161157,206956.66633128628,725937.6446,1077580.785,0.660834373955383,8.932537790065869,98,492101.0997,118.97548809724796,0.25617545449607443
13587,Roseburg,OR,"Roseburg, OR",Douglas County,1167,315741.6565,568293.1085,442966.0691057851,89454.39579316179,407190.4513,566351.4986,0.4897102230828986,6.346009892103397,101,315741.6565,79.37180189589589,0.20194412627076208
13594,Roseville,CA,"Sacramento-Roseville-Folsom, CA",Placer County,244,510574.6922,885714.8319,683238.3056049587,124040.65275493693,633064.2422,822723.7267,0.3960122495875083,5.525276405957751,93,513672.5708,60.16501044988248,0.18154815345885475
13691,San Bruno,CA,"San Francisco-Oakland-Berkeley, CA",San Mateo County,1434,1019903.75,1739010.009,1412748.447768595,183152.56457931324,1410985.173,1614947.329,0.388145786054066,4.648047018600967,85,1019903.75,58.343111200444156,0.1296427292973485
13693,San Clemente,CA,"Los Angeles-Long Beach-Anaheim, CA",Orange County,934,1182322.285,2459331.88,1695740.9483719007,454328.97646904783,1402122.437,2431878.315,0.5770132439781527,8.342417119702015,82,1227820.192,98.06469472038133,0.2679235745915401
13695,San Joaquin,CA,"Fresno, CA",Fresno County,9582,199950.1361,411791.0414,316675.881438843,67556.02627566938,299181.3086,410699.2898,0.603965777788773,7.538056436911552,98,199950.1361,105.40085533855259,0.21332861210876877
13698,San Leandro,CA,"San Francisco-Oakland-Berkeley, CA",Alameda County,391,640093.7634,1155514.256,905343.2508694214,139430.21240011044,859080.771,1021320.502,0.394142426023574,5.093274528060293,82,640093.7634,59.557952349829115,0.15400812041865058
13699,San Mateo,CA,"San Francisco-Oakland-Berkeley, CA",San Mateo County,403,1703369.952,2707442.902,2197024.9365454544,249148.79120693775,2210346.507,2486888.535,0.32062279658959025,3.872420303793766,83,1703369.952,45.998145152204735,0.11340280534034033
13712,Santa Barbara,CA,"Santa Maria-Santa Barbara, CA",Santa Barbara County,374,1736966.412,3064351.448,2272028.391661157,485360.7568371202,1918728.536,2885061.747,0.425993224687779,6.087458162697369,69,1743847.254,65.44234252067126,0.21362442415706634
13713,Santa Clara,CA,"San Jose-Sunnyvale-Santa Clara, CA",Santa Clara County,319,1196767.231,2335049.027,1756717.4167933885,331108.5322309506,1766594.183,2249278.395,0.5374300256557216,6.935094873901753,78,1196767.231,87.94618842634405,0.1884813852619149
13715,Santa Cruz,CA,"Santa Cruz-Watsonville, CA",Santa Cruz County,477,1192591.811,2115087.565,1599927.3433636362,270998.88386109885,1470919.972,1844548.335,0.36916682002543444,5.102642182465939,72,1192591.811,54.66719777769797,0.1693819941169075
13716,Santa Fe Springs,CA,"Los Angeles-Long Beach-Anaheim, CA",Los Angeles County,3227,504846.5849,884291.6731,676878.1449694214,128461.34267469498,626084.3731,862738.9283,0.44968464729611207,6.200406787117201,82,505255.0627,70.75314865518912,0.18978503535595515
13788,Shady Cove,OR,"Medford, OR",Jackson County,11646,393725.4076,665148.7934,532991.31966281,86447.60785083697,495893.4374,624618.9708,0.38763856286549675,5.037972131607069,92,393725.4076,58.643297776346,0.16219327531549094
13854,Silverdale,WA,"Bremerton-Silverdale-Port Orchard, WA",Kitsap County,2393,408803.0724,818611.0241,620512.7578107438,132372.88583703456,587496.1398,771909.749,0.5336577884778323,6.952537935831836,97,408803.0724,88.82190499897035,0.21332822600467508
13915,South Cle Elum,WA,"Ellensburg, WA",Kittitas County,17534,243129.125,565127.8475,411498.6094057851,106327.92903289247,398178.4767,502392.4534,0.6101547180479561,8.191992939781132,90,243129.125,106.63606361434486,0.25839195225090267
13929,South San Francisco,CA,"San Francisco-Oakland-Berkeley, CA",San Mateo County,871,979189.166,1641453.816,1336926.025755372,168497.61097440825,1338554.451,1504979.525,0.3626490138763,4.3443249750249775,87,979189.166,53.696504950913635,0.1260336082388747
13943,Sparks,NV,"Reno, NV",Washoe County,318,358440.6757,743249.0827,550922.9011975207,122639.13235761151,507536.8311,691949.7001,0.5529178516192909,7.250148199409782,102,358440.6757,93.04441348591062,0.2226067061126618
13977,Squaw Valley,CA,"Fresno, CA",Fresno County,12119,288398.582,508487.9744,404061.36365537194,72476.76932988013,370746.8235,497511.677,0.45744993465390404,5.873879041556254,97,288398.582,72.50836448287392,0.1793706992279923
14057,Sutherlin,OR,"Roseburg, OR",Douglas County,6111,255164.6453,457685.711,359640.2508479339,73346.66308755419,336347.3011,454946.3054,0.4843914473360945,6.387736020892285,101,255164.6453,78.29519636825644,0.2039445332234718
14111,Temple City,CA,"Los Angeles-Long Beach-Anaheim, CA",Los Angeles County,1778,958038.0777,1448049.476,1194005.488085124,162757.1627169022,1135571.088,1425822.744,0.2648356686680293,4.21238846023161,74,1044125.478,36.55664707379164,0.13631190504653592
14137,Tieton,WA,"Yakima, WA",Yakima County,17657,250838.1262,475028.3383,371733.6131289257,80270.71993343974,358079.6133,473174.8845,0.5323068030526422,6.949218843082552,99,250838.1262,88.63754552317333,0.21593613571232267
14138,Tigard,OR,"Portland-Vancouver-Hillsboro, OR-WA",Washington County,834,467278.7217,828631.6513,652923.9302809917,118716.85415246202,595611.4537,790057.8385,0.4407875201409418,5.712652812924374,94,467278.7217,69.07635674607693,0.181823407975522
14185,Trinidad,CA,"Eureka-Arcata, CA",Humboldt County,14051,761872.5747,1190198.557,944576.2751041322,105383.6358580917,929265.9971,885413.272,0.11945542854014149,2.2412148683718613,69,770555.129,14.905895591021373,0.11156710012272325
14223,Union,OR,"La Grande, OR",Union County,12474,251186.494,460152.5997,345945.3207603306,73147.15834242778,319277.0655,460152.5997,0.5070389739630252,6.582332347236656,103,251186.494,83.19161686296717,0.21144138669562698
14224,Union,WA,"Shelton, WA",Mason County,16872,372079.159,790880.0587,568771.3893231405,143730.44274412235,535143.1488,726923.73,0.5631814566387867,7.871219844508613,100,372079.159,95.36803188699962,0.2527033627960208
14470,Wapato,WA,"Yakima, WA",Yakima County,4281,222729.7883,457086.3447,339072.94321487605,81596.98208066814,324703.587,453390.4003,0.5958467297217251,7.813651367185965,105,222729.7883,103.56073777132934,0.24064728169407135
14517,Wells,NV,"Elko, NV",Elko County,16924,310956.5973,391214.2914,348967.033477686,29318.342081030365,342915.7619,380630.2042,0.16542880399511664,2.407494820220721,75,312634.7718,21.749158613584516,0.0840146468531821
14542,West Covina,CA,"Los Angeles-Long Beach-Anaheim, CA",Los Angeles County,389,595656.5409,1024551.462,792911.9002818182,145258.62284844904,728551.6579,1002640.817,0.41033762998287443,5.869582237242166,77,615982.9785,62.77086413029838,0.18319642169176797
14634,Whittier,CA,"Los Angeles-Long Beach-Anaheim, CA",Los Angeles County,182,573330.6329,1015428.451,784712.308722314,149008.1957432208,722356.5074,991822.9562,0.44244270411702347,6.214845031119536,80,586339.4802,69.15506966402636,0.189888949219924
14803,Cottonwood,CA,"Red Bluff, CA",Tehama County,4105,333414.689,548503.6682,439063.13915537193,68988.4846190438,416093.4923,512359.4364,0.3607544869923408,4.716946647282729,92,333414.689,53.67032506477242,0.15712656897538088
14889,Cheney,WA,"Spokane-Spokane Valley, WA",Spokane County,2814,293899.95,642892.3906,468412.4257900826,121715.8788308363,443420.9134,602654.2455,0.6029768411778104,8.175518512156494,101,293899.95,105.05421845087075,0.259847672967973
14906,Bradbury,CA,"Los Angeles-Long Beach-Anaheim, CA",Los Angeles County,19642,3877801.519,5150735.001,4560223.854140496,322500.1597617658,4566932.358,4751358.954,0.059483266975264106,1.671823148289468,66,4450193.079,6.7674788408882876,0.07072024753103927
14929,Aurora,OR,"Salem, OR",Marion County,6909,631589.5238,1204489.615,929534.8776322313,194468.88749674062,846609.4262,1169988.236,0.5172073491536217,6.693349746587796,92,631589.5238,85.24503525021896,0.20921096365109373
15154,Easton,WA,"Ellensburg, WA",Kittitas County,21640,423503.9747,936992.6165,657767.2488190082,176906.763591057,582994.5824,838775.9122,0.5753880483678742,8.02331951692451,93,423503.9747,98.0562078063538,0.26895039834939366
15232,La Grande,OR,"La Grande, OR",Union County,5968,208919.818,395982.1519,294453.1910264463,65103.82752088218,265923.2325,395982.1519,0.535560336149574,6.897749394315253,111,208919.818,89.53785987885553,0.2211007708693328
15237,La Palma,CA,"Los Angeles-Long Beach-Anaheim, CA",Orange County,3992,762601.151,1343572.726,1020145.0130429752,196591.6420335307,921241.6415,1329395.241,0.44584458067645577,6.262028614180422,85,782578.4894,69.87372627878416,0.19270950651135416
15294,Escalon,CA,"Stockton, CA",San Joaquin County,4676,589190.1827,1097006.046,849731.566361157,145248.78726922005,808926.5197,989626.1641,0.4380046743278913,5.61364365426543,84,589190.1827,67.96379049714945,0.17093490817485496
15366,Dillon Beach,CA,"San Francisco-Oakland-Berkeley, CA",Marin County,18323,1189901.882,2098672.852,1569754.1624297523,282532.6187986911,1385333.123,1937575.826,0.41360196036695734,5.527902524717977,80,1189901.882,62.83492406477259,0.17998526492923672
15381,Isla Vista,CA,"Santa Maria-Santa Barbara, CA",Santa Barbara County,2411,1448331.452,2282308.367,1798109.1676033058,282581.45440371346,1622079.672,1963598.931,0.2428489662304157,3.7651142989645763,72,1474879.783,33.1362022608998,0.15715478208721076
15449,Forest Grove,OR,"Portland-Vancouver-Hillsboro, OR-WA",Washington County,2143,396523.832,740424.147,582981.1082396695,107057.32616122907,548560.2157,703319.7573,0.4805820275850216,6.083577952796976,97,396523.832,77.37137103527236,0.1836377279608462
15468,Kalama,WA,"Longview, WA",Cowlitz County,7325,365058.0358,786351.2192,586286.7770066116,147314.3485454373,540040.8312,764298.5077,0.6201089828553225,8.194164168894556,103,365058.0358,109.36356215939513,0.2512667082440033
15554,Rancho Santa Margarita,CA,"Los Angeles-Long Beach-Anaheim, CA",Orange County,1353,705918.9063,1425878.132,986518.9136652892,239079.41855790463,848555.6583,1399787.606,0.5669290825199607,7.925378261979499,87,713307.2265,96.2390894128983,0.24234651282014916
15596,Myrtle Creek,OR,"Roseburg, OR",Douglas County,5537,205100.1907,417642.2424,315353.04799834715,78528.76963560021,289360.231,412428.0805,0.5858340572316052,7.8611072247253,102,205100.1907,101.08615164734704,0.2490185845167788
15665,Richvale,CA,"Chico, CA",Butte County,17261,274782.8969,487218.914,383064.85213388427,59357.97393757038,395918.2813,421405.3903,0.35332519250806005,4.554160546013091,78,277203.6792,52.020128851161374,0.15495541709690527
15829,Point Roberts,WA,"Bellingham, WA",Whatcom County,23668,452165.5661,706921.0096,569517.5585247934,91669.76667954205,545155.2428,677244.5002,0.33798907474757417,4.545450033956741,85,452765.7049,49.579460827223976,0.1609603870984977
15893,Wheatland,CA,"Yuba City, CA",Yuba County,9215,328406.5857,610947.1378,476464.6625495868,93016.37592894968,447116.7096,576617.7343,0.4729089596091025,6.438579182158401,94,328406.5857,75.58044186931785,0.1952219823212372
15926,San Geronimo,CA,"San Francisco-Oakland-Berkeley, CA",Marin County,25759,1109373.826,1798617.322,1429754.0007190083,207136.4428935273,1320047.905,1662257.52,0.331986590409255,4.553655171559141,66,1124719.166,47.7931176287966,0.14487558194581765
15981,Summerville,OR,"La Grande, OR",Union County,20999,505951.0192,815509.1382,642723.9122743801,111255.0336350579,584690.2497,781209.669,0.3617258310234722,4.914656743159687,86,508179.9896,53.72696386863007,0.17309926005610152
16037,Seattle,WA,"Seattle-Tacoma-Bellevue, WA",King County,24,802161.8822,1485551.911,1175638.2529107437,181620.52534649379,1146837.594,1382470.889,0.45857928813563764,5.73167207700261,85,802161.8822,72.34312919587393,0.15448674360231343
16066,Volcano,CA,"Sacramento-Roseville-Folsom, CA",Amador County,13839,415352.4378,681261.3753,545959.168223967,73334.4934795483,518749.6539,589709.3854,0.2954650804114971,3.898157833708152,83,415352.4378,41.978072531250234,0.13432230420840655
16165,Soap Lake,WA,"Moses Lake, WA",Grant County,8269,255297.7419,491535.5433,368061.8832619835,93151.08336747927,330984.9163,481340.1404,0.5323393435698877,7.412338126598397,89,255297.7419,88.54069637190159,0.2530853848323519
16389,Silverado,CA,"Los Angeles-Long Beach-Anaheim, CA",Orange County,8783,1119577.971,2154117.259,1586636.5818429752,341134.41139047674,1410378.42,2122969.04,0.4992164925615525,7.181719045990909,82,1174304.988,80.78515050980948,0.2150047561579781
16563,Pauma Valley,CA,"San Diego-Chula Vista-Carlsbad, CA",San Diego County,15992,717282.6461,1149645.207,911976.5568809917,163991.89124711126,819462.427,1131751.357,0.38350120593030557,5.201433310225596,89,717282.6461,57.783178382126486,0.17982029253906728
16583,Portola Valley,CA,"San Francisco-Oakland-Berkeley, CA",San Mateo County,7856,4989695.314,6586376.826,5505663.183636364,397020.99033417867,5331373.206,5961020.403,0.1260817268337804,1.4704161080275486,72,5148409.99,15.783716032296793,0.07211138369564327
16595,Jenner,CA,"Santa Rosa-Petaluma, CA",Sonoma County,21925,1076754.098,1438511.148,1223255.6281157024,100514.77109544366,1187893.361,1274136.863,0.13714244066625803,1.7571607148604076,63,1084954.343,17.43691070694205,0.0821698823902214
16634,Smith,NV,"Fernley, NV",Lyon County,26189,461428.2034,861214.6592,652109.4895909091,124218.85435710271,619557.4741,799394.7965,0.4615070430597171,6.089381790114091,101,461973.08,73.03925945208756,0.1904877268923498
16677,Acton,CA,"Los Angeles-Long Beach-Anaheim, CA",Los Angeles County,6675,604581.4014,1048635.575,814684.0689900827,157003.99281125423,742517.8501,1033917.608,0.4485317103576044,6.104542313604831,77,606654.7555,70.42932551445236,0.19271764207428665
16684,Adelanto,CA,"Riverside-San Bernardino-Ontario, CA",San Bernardino County,1682,199869.509,452658.6261,326886.8467487604,91543.4695763171,287422.8515,445572.0863,0.6736297101154882,9.417551923903853,95,199869.509,122.93149591916996,0.2800463539197582
16691,Agua Dulce,CA,"Los Angeles-Long Beach-Anaheim, CA",Los Angeles County,10695,721738.7828,1298367.489,999841.0346991735,197499.13406511032,925268.0652,1284104.849,0.46808830768137244,6.487238148308251,81,735831.4943,74.51072140117826,0.19753053456596
16695,Airway Heights,WA,"Spokane-Spokane Valley, WA",Spokane County,7866,200148.89,475256.9438,336951.7286024793,95833.17514580899,318043.0284,440651.1963,0.662767103558752,9.077931272893574,97,200148.89,120.16169877334816,0.2844121783950505
16697,Alameda,CA,"San Francisco-Oakland-Berkeley, CA",Alameda County,803,1062828.054,1786020.005,1401332.3497024793,189336.4333665283,1326956.5,1551749.929,0.3201316180835915,4.1529838156161825,77,1062828.054,46.00197305292433,0.13511172664124027
16760,American Canyon,CA,"Napa, CA",Napa County,2891,535029.2561,945981.7399,761263.9899958677,133299.0701267272,704202.3382,917767.4324,0.4528436927778985,5.826508599721484,93,535029.2561,71.53593414496649,0.1751022928687994
16764,Anaheim,CA,"Los Angeles-Long Beach-Anaheim, CA",Orange County,64,650295.9733,1207638.588,892646.3485272727,182594.43387454606,803944.608,1193922.818,0.49315287419863324,6.807781397591586,90,664013.8834,79.80389384129552,0.2045540590355838
16769,Angwin,CA,"Napa, CA",Napa County,11025,1475013.03,2134596.537,1829760.8936033056,154605.93800290304,1802024.906,1790190.199,0.15938813321482384,2.2121479336341245,61,1485850.399,20.482533114021802,0.08449515919997676
16780,Antioch,CA,"San Francisco-Oakland-Berkeley, CA",Contra Costa County,384,414393.6797,819589.9682,621109.0227264463,124613.89931082308,578888.4457,735861.5609,0.4829307691699645,6.5773652346978215,92,414393.6797,77.57547881346224,0.20063128170930872
16803,Armona,CA,"Hanford-Corcoran, CA",Kings County,21561,173266.9387,357766.411,259172.14923223143,60942.88162703359,237914.8761,355803.5645,0.6026835733248846,7.772955998886997,107,173266.9387,105.3499456789329,0.23514440809928874
16824,Asotin,WA,"Lewiston, ID-WA",Asotin County,18804,353457.4279,595566.1324,470820.5887421488,91138.99230545,429982.5831,592544.7319,0.43360736074347067,5.729778243216086,90,353457.4279,67.64246133416736,0.19357478089252272
16839,Auburn,WA,"Seattle-Tacoma-Bellevue, WA",King County,415,378966.6591,819839.5688,602346.6833876033,145901.67709047016,555155.8152,780672.4797,0.6075659164331063,8.093943404653357,100,378966.6591,106.00030661114168,0.24222209753014293
16876,Ballico,CA,"Merced, CA",Merced County,15007,1333313.048,2079797.086,1590413.7778677687,189084.25663748418,1582436.837,1547194.281,0.1108665919700183,2.4742607886408767,61,1367287.568,13.157927945118272,0.11888997647579809
16942,Beaver,OR,"Portland-Vancouver-Hillsboro, OR-WA",Tillamook County,19993,361961.6519,761346.5447,549549.6779140496,138460.89560300374,493213.3109,671271.8976,0.5202332801904783,7.369509516745743,97,361961.6519,85.45387172270225,0.2519533741309175
16956,Belfair,WA,"Shelton, WA",Mason County,5069,377463.8041,801465.9532,581325.8660842975,142080.61070927038,546567.8927,719986.6661,0.5431134083936147,7.64582462615477,97,377463.8041,90.74323372983778,0.24440785968513465
16961,Bell Gardens,CA,"Los Angeles-Long Beach-Anaheim, CA",Los Angeles County,1531,466191.181,852045.1977,667990.1282123966,131579.09557089198,642998.5666,826939.2097,0.47506242581979713,6.563086304112774,83,470177.2111,75.87819872539968,0.1969776049280995
16992,Berkeley,CA,"San Francisco-Oakland-Berkeley, CA",Alameda County,351,1634289.174,2384362.802,1960859.4247603305,177690.43961998518,1951826.693,2015348.209,0.1791631505469865,2.4342445646588406,70,1634289.174,23.316499984353438,0.09061865291118648
17033,Bingen,WA,"Portland-Vancouver-Hillsboro, OR-WA",Skamania County,17876,330890.1867,639463.6899,496796.9484355372,100921.81130361406,461554.4239,616538.9418,0.5232396706402279,6.825583301640826,94,330890.1867,86.32735771006169,0.20314499036563496
17114,Bonsall,CA,"San Diego-Chula Vista-Carlsbad, CA",San Diego County,8549,937714.9505,1689057.575,1267979.4107694214,280975.71285422804,1079797.843,1685973.024,0.4937839317524878,6.683813657129942,94,937714.9505,79.79589886041812,0.22159327704203766
17124,Borrego Springs,CA,"San Diego-Chula Vista-Carlsbad, CA",San Diego County,14087,357245.1352,579358.0871,453345.55832975206,81162.2687466292,395691.9975,538296.8676,0.34551297872104036,4.9498337284853795,76,357245.1352,50.67997141476539,0.17902958847915704
17128,Boulder Creek,CA,"Santa Cruz-Watsonville, CA",Santa Cruz County,5992,715479.5344,1153940.145,945698.1784743802,112114.12485310434,910551.3543,1029303.16,0.30682003090864796,3.6660973700865185,81,715479.5344,43.86199891282313,0.11855169799942848
17150,Brea,CA,"Los Angeles-Long Beach-Anaheim, CA",Orange County,1192,837451.2862,1445419.998,1081738.0291884297,203959.71263326218,960426.6042,1427708.156,0.4309125512715489,6.00987307111801,85,855284.3213,66.92789993273082,0.1885481578070083
17155,Brentwood,CA,"San Francisco-Oakland-Berkeley, CA",Contra Costa County,705,634600.232,1139115.385,869613.5413785124,158438.90375796217,791130.9912,1039051.405,0.4151770178064901,5.579854529915803,90,634600.232,63.73322173635765,0.1821946142959143
17229,Burien,WA,"Seattle-Tacoma-Bellevue, WA",King County,1203,442702.7424,942871.4111,720626.483131405,157486.4165842082,683674.7793,915294.3381,0.6107246100567117,7.926326704272093,98,442702.7424,106.75144977371617,0.21854097826084312
17235,Burlingame,CA,"San Francisco-Oakland-Berkeley, CA",San Mateo County,1929,2735201.892,4086754.311,3333850.812752066,316433.7015292687,3343596.131,3584645.307,0.2302354429536759,2.7636579853840515,78,2735201.892,31.055967659443258,0.09491537543278827
17263,Camano Island,WA,"Oak Harbor, WA",Island County,4484,548304.4744,1208438.815,872834.5312198348,222097.59995041654,786089.1922,1127441.058,0.606594979705457,8.220803977759635,94,548304.4744,105.62317300688437,0.2544555605975199
17264,Cambria,CA,"San Luis Obispo-Paso Robles, CA",San Luis Obispo County,8932,853805.7153,1499267.069,1161302.6586,234825.8204965494,1031778.328,1472742.414,0.41375626353990996,6.122468661626413,88,900645.9367,63.52068598634696,0.20220897520345124
17272,Campbell,CA,"San Jose-Sunnyvale-Santa Clara, CA",Santa Clara County,1430,1311704.69,2479470.582,1854552.162834711,362692.8754756188,1804349.381,2405294.586,0.5157461544721015,6.749446646503977,79,1311704.69,83.37165402679167,0.19556898034145198
17292,Canyonville,OR,"Roseburg, OR",Douglas County,14377,199233.2861,388783.9143,293765.16033305787,69028.01391150845,272124.4839,386860.373,0.5562482278430672,7.27930567251731,102,199233.2861,94.17456820233616,0.23497685645652314
17310,Carmichael,CA,"Sacramento-Roseville-Folsom, CA",Sacramento County,898,494065.9393,798569.5046,644871.6610148761,100346.51171398784,607401.6528,767831.1901,0.3626216648769704,4.904983286381463,93,498668.7685,53.97619393924407,0.1556069490727288
17442,Chowchilla,CA,"Madera, CA",Madera County,2870,325265.7639,599287.721,462959.17146528926,98790.50841121514,424641.7096,599287.721,0.5125732227366799,6.728637893398217,98,325265.7639,84.24555779078105,0.21338924574825502
17453,Spokane Valley,WA,"Spokane-Spokane Valley, WA",Spokane County,502,237871.8621,552697.8428,397584.3366338843,110537.03666645764,377265.1734,519681.0819,0.6561157923352818,8.898836054933993,99,237871.8621,118.47101935979671,0.27802160820094307
17466,Cle Elum,WA,"Ellensburg, WA",Kittitas County,6965,617681.1539,1493169.047,1016208.8573024793,291375.11944412894,890208.5349,1286265.859,0.6181921522614052,8.770361190759688,86,617681.1539,108.24107241715213,0.2867275928076267
17523,College Place,WA,"Walla Walla, WA",Walla Walla County,6165,267316.929,516885.2087,402439.852892562,88354.55468041648,381717.7116,511843.1787,0.5444630251856364,7.273330136330465,101,267316.929,91.47428507979006,0.21954722934461512
17582,Cornelius,OR,"Portland-Vancouver-Hillsboro, OR-WA",Washington County,4428,348816.2431,683721.6694,535662.9858347108,103378.28572878872,509097.5114,644128.9719,0.5144515346732389,6.596129042069358,99,348816.2431,84.6614040032931,0.19299128082874126
17587,Coronado,CA,"San Diego-Chula Vista-Carlsbad, CA",San Diego County,3295,2558191.328,3968438.655,3149225.408702479,531858.6998704021,2805588.93,3767293.212,0.3268904610337715,4.719860580840616,73,2558191.328,47.26393490455924,0.16888556100197816
17597,Coto de Caza,CA,"Los Angeles-Long Beach-Anaheim, CA",Orange County,4388,1575309.123,3127826.224,2122520.573338843,531789.1051419047,1769635.17,3099498.772,0.5486740849424445,7.780370554203897,83,1615855.866,91.81777516287458,0.2505460308944713
17685,Damascus,OR,"Portland-Vancouver-Hillsboro, OR-WA",Clackamas County,4168,495329.8521,931677.9675,725531.0892636364,138201.44480859427,676403.9891,896606.3217,0.49788793978928864,6.345317402600802,98,495329.8521,81.01196968015326,0.19048314655800502
17686,Dana Point,CA,"Los Angeles-Long Beach-Anaheim, CA",Orange County,1879,1388304.294,2932195.77,2057013.3689504133,534107.5087359882,1755999.619,2920990.589,0.5679759225986387,8.343205937440512,81,1493635.012,95.56254141959013,0.2596519384842479
17735,Deer Park,WA,"Spokane-Spokane Valley, WA",Spokane County,4086,317921.7889,724171.8359,522223.3832413223,143639.20031013284,483503.4353,688587.4104,0.6491641141719379,8.773891929037843,102,317921.7889,116.59019118585492,0.2750531763219733
17763,Detroit,OR,"Salem, OR",Marion County,26127,379188.8452,643726.0101,523601.01988181815,89404.2623872658,515619.4515,615392.6394,0.40600018928267423,5.4419539475333485,94,379188.8452,62.291862534989995,0.17074883163414237
17788,Dixon,CA,"Vallejo, CA",Solano County,2858,471971.5845,796271.9939,631463.0914413224,102592.78812209835,594955.3818,739024.2457,0.3764495724281952,5.074315989370612,92,471971.5845,56.58236003400751,0.16246838415833464
17814,Doyle,CA,"Susanville, CA",Lassen County,17799,197192.5964,351331.2719,280007.4299636364,42331.32994017028,278070.7088,288210.6516,0.3213590374497807,4.423252914323587,71,197192.5964,46.156933303607524,0.15117930958356252
17882,East Los Angeles,CA,"Los Angeles-Long Beach-Anaheim, CA",Los Angeles County,356,444590.1248,817584.4496,652334.7499057851,127855.77148527595,638326.3524,789519.6209,0.46606379393347735,6.573913354311333,79,454198.4344,73.82702385202231,0.1959971801344966
17931,El Dorado Hills,CA,"Sacramento-Roseville-Folsom, CA",El Dorado County,1335,783043.9288,1393824.7,1053758.2934710744,204965.85582824957,950356.0123,1291947.513,0.4174623822760369,5.811460250901615,84,787011.5444,64.15864826798085,0.19450936433733118
17950,Elk Grove,CA,"Sacramento-Roseville-Folsom, CA",Sacramento County,191,443577.8663,852002.2999,636590.1017752065,134924.2712459838,576010.3956,793835.3449,0.48964477117505056,6.773176981191585,96,443577.8663,78.96189264842948,0.21194842783406714
18053,Fairfield,CA,"Vallejo, CA",Solano County,366,492309.9721,848032.2649,669860.470738843,110401.92445627117,621849.3276,789418.6455,0.3966588887859498,5.253139199488829,91,492309.9721,60.34991981426897,0.16481331453175616
18098,Fillmore,CA,"Oxnard-Thousand Oaks-Ventura, CA",Ventura County,3283,486666.3301,866048.9911,681026.1968520661,129336.03110228003,627343.4,854882.9766,0.47259972231453773,6.201116183954661,101,486666.3301,75.66100708556085,0.1899134448867239
18137,Forbestown,CA,"Yuba City, CA",Yuba County,26988,279768.0138,473780.9158,375499.81527438015,52979.12122795129,367587.6724,406628.4038,0.3157748513493546,4.185928155663589,81,279768.0138,45.34485135627036,0.14108960663333245
18173,Fortuna,CA,"Eureka-Arcata, CA",Humboldt County,4250,417869.5865,651340.0719,534699.1249512397,62804.47345228,523798.1487,563130.6707,0.2457264157146529,3.432418173053304,73,420458.1927,33.93261933697124,0.11745759534954778
18203,Fresno,CA,"Fresno, CA",Fresno County,34,304123.4655,546549.942,427482.98869504133,85377.83245185694,392595.77,544486.0706,0.48813449427756095,6.421121260992154,103,304123.4655,79.03454759889286,0.19972217540746154
18271,Gervais,OR,"Salem, OR",Marion County,10883,261285.7847,567222.6785,433877.1990231405,99913.89303529715,412608.5118,553642.6797,0.6297499704455939,8.202667232640446,103,261285.7847,111.89161910804863,0.23028150190941085
18319,Gonzales,CA,"Salinas, CA",Monterey County,5724,346993.6732,711055.2878,543144.2424157024,120829.66998456282,494012.9721,706830.5438,0.5968771830408645,7.589193875625776,107,346993.6732,103.70127711020179,0.22246331738169153
18345,Graham,WA,"Seattle-Tacoma-Bellevue, WA",Pierce County,2178,374736.9055,799217.5212,598204.0783206611,146920.87708566082,562326.7756,783622.2835,0.6195194139509349,8.254310720344284,105,374736.9055,109.11265263677106,0.2456032688678953
18366,Graton,CA,"Santa Rosa-Petaluma, CA",Sonoma County,23701,778048.2075,1161796.681,991430.7693297521,99508.90002034583,979318.0581,1061831.467,0.2600830347417741,3.254263680083356,78,779415.367,36.23435102223228,0.10036898500499226
18370,Grayland,WA,"Aberdeen, WA",Pacific County,18577,230386.2654,470575.7876,350562.07505950413,85101.77678167967,323482.6984,426486.5155,0.5179241255786812,7.009248698161868,90,230386.2654,85.11802982679018,0.24275808148167358
18453,Hanford,CA,"Hanford-Corcoran, CA",Kings County,772,295669.8181,501980.5154,399285.5150429752,71098.08057913302,367182.4807,500615.2808,0.44119172302812315,5.782849429539433,102,295669.8181,69.31565217477977,0.178063260249951
18518,Hayward,CA,"San Francisco-Oakland-Berkeley, CA",Alameda County,173,679284.0005,1261531.445,977600.7176198347,166807.18886883458,924723.0642,1143953.578,0.4397835786922524,5.831948379999798,84,679284.0005,68.4057886183056,0.17062915959693664
18609,Holtville,CA,"El Centro, CA",Imperial County,5526,311250.9265,491598.6026,405398.3449867769,56166.24701248815,398355.5362,469026.4071,0.3404086645558656,4.311108462309411,90,312678.5441,50.002747534220724,0.1385458221698467
18618,Hoodsport,WA,"Shelton, WA",Mason County,19832,243278.553,545669.6724,396184.04526363633,106571.70977684358,372023.1641,522650.9314,0.6423240675539935,8.8626398402068,100,243278.553,114.83641897524768,0.268995460697885
18713,Isleton,CA,"Sacramento-Roseville-Folsom, CA",Sacramento County,16939,444889.1636,740703.5847,591954.8955768596,77170.79971440522,578807.9794,662032.9881,0.3309314825972204,4.094229002117054,94,446823.0303,48.16447300299328,0.13036601317267987
18874,La Habra,CA,"Los Angeles-Long Beach-Anaheim, CA",Orange County,919,637195.644,1182116.513,882673.1728595041,176557.81202556234,796583.3149,1167570.295,0.4843865299329441,6.758305742702005,87,656467.0223,77.85665621241672,0.20002625825092932
18875,La Habra Heights,CA,"Los Angeles-Long Beach-Anaheim, CA",Los Angeles County,7726,1211950.092,1970761.448,1549027.3043305785,264579.2837428324,1427060.937,1943162.47,0.3419322456772926,5.097081669124799,76,1296961.094,49.82426836004997,0.17080349907529355
18878,La Pine,OR,"Bend, OR",Deschutes County,5018,261359.8205,610670.7893,440191.3609975206,117975.31240900801,396019.7663,574110.221,0.661895295609128,8.885452408701997,102,261359.8205,119.66276985562898,0.26800914979717766
18883,La Quinta,CA,"Riverside-San Bernardino-Ontario, CA",Riverside County,1617,857667.9689,1638806.153,1146024.5254123968,300109.9416859809,925861.2749,1532234.643,0.45652574279659297,6.858069884518532,77,893973.6217,71.3959568612627,0.2618704356069399
18914,Lake Isabella,CA,"Bakersfield, CA",Kern County,8004,192251.9247,327012.6419,257760.16612396695,47711.28579640224,237407.0394,325317.8983,0.43201713433491895,5.771019603735329,96,194305.0144,67.42640394770997,0.18509953075315763
18959,Las Vegas,NV,"Las Vegas-Henderson-Paradise, NV",Clark County,7,329847.7495,647764.3573,483212.88247190084,111300.68156964479,442990.7753,646214.5607,0.564882396530314,7.598485235174882,102,329847.7495,95.91298157394283,0.230334673612757
18968,Le Grand,CA,"Merced, CA",Merced County,9730,426722.697,807108.8983,626071.7280330578,121703.81767255388,578484.1902,757587.2052,0.48284113471018364,6.330292050987272,90,426722.697,77.53618697249657,0.1943927703857723
19016,Lilliwaup,WA,"Shelton, WA",Mason County,24776,312518.021,729920.3983,509956.48809008265,141714.822748061,449486.3491,662607.0621,0.6330894424682096,8.955324694469335,93,312518.021,112.02203315500962,0.2778959108429412
19033,Lindsay,CA,"Visalia, CA",Tulare County,3597,233827.7071,439089.3331,339283.7384975206,68370.45684395202,313412.1897,438569.9865,0.5264292413281906,6.916817850911691,106,233999.1376,87.42376189851396,0.20151409892711863
19059,Livingston,CA,"Merced, CA",Merced County,3649,301817.4787,571001.5619,436434.8503735537,92753.84998680613,398027.8984,556418.3089,0.5135090598703744,6.837024422222628,104,301817.4787,84.35589326921243,0.2125262222011285
19078,Lompoc,CA,"Santa Maria-Santa Barbara, CA",Santa Barbara County,973,389508.9255,739075.5174,557949.53221281,114789.61640688473,497950.2117,727820.768,0.5242960274143678,6.81046656724183,103,389508.9255,86.85599234105355,0.20573476592342102
19100,Los Gatos,CA,"San Jose-Sunnyvale-Santa Clara, CA",Santa Clara County,1432,2304533.579,3943896.338,3062678.842487603,524147.19718046754,2901474.314,3708012.931,0.3789225177378665,5.117529762002871,76,2377453.212,55.96575832845455,0.17114011103911206
19115,Lower Lake,CA,"Clearlake, CA",Lake County,8927,455675.2069,757619.7019,594549.2013066115,73059.04173264431,581869.6594,597754.9409,0.2309852346623447,2.9638513331668928,71,455675.2069,31.180044875950447,0.12288140589893326
19177,Manhattan Beach,CA,"Los Angeles-Long Beach-Anaheim, CA",Los Angeles County,1814,2953448.061,4989098.8,4054508.0898181815,658306.3499128828,3991989.136,4621844.213,0.3048438913671822,5.03458299467486,69,3234450.149,42.894278782714984,0.16236404893753797
19202,Maricopa,CA,"Bakersfield, CA",Kern County,14132,471079.915,680810.4326,554893.8116528925,61193.368160960075,518729.0445,608509.1386,0.20942004389739494,2.8914022258424756,70,475850.7932,27.878138966187173,0.11027942081148832
19230,Marysville,CA,"Yuba City, CA",Yuba County,1624,278266.7041,527978.8082,407290.5251694215,80511.3938947949,380491.4338,495842.8302,0.48507632099429576,6.489501782642049,99,278266.7041,78.18978084485822,0.19767558761968354
19269,McCleary,WA,"Aberdeen, WA",Grays Harbor County,10661,247039.9736,556518.8795,409420.50834876037,108738.4827446707,391084.7933,529875.2309,0.6405534559907993,8.65120209450582,102,247039.9736,114.48967273529531,0.26559119664822217
19379,Mill Valley,CA,"San Francisco-Oakland-Berkeley, CA",Marin County,2126,2345772.86,3547111.877,2801103.4663388426,328379.7226928531,2606604.294,3016958.43,0.21462306502687759,2.861770722113243,77,2345772.86,28.612555863571565,0.11723227172399271
19417,Moapa,NV,"Las Vegas-Henderson-Paradise, NV",Clark County,26036,356631.7015,661061.6598,505623.1255570248,99122.7567485483,492782.7179,658225.3656,0.506331841500039,6.875901792372952,94,360705.1573,82.48293717978397,0.19604078954922943
19429,Monroe,WA,"Seattle-Tacoma-Bellevue, WA",Snohomish County,2282,459366.7941,1026114.625,743196.037261157,190526.6547295163,669193.3358,1012089.747,0.6645777491268261,8.834089266349721,102,459366.7941,120.32279215629964,0.2563612360362543
19434,Monterey,CA,"Salinas, CA",Monterey County,2045,1075397.126,1784095.13,1429819.7393388432,244329.34285229078,1299374.815,1732003.671,0.39874684466013716,5.274125684390693,79,1078061.109,60.65913671689647,0.17088122098892694
19462,Morada,CA,"Stockton, CA",San Joaquin County,11159,676523.611,1196160.867,932645.4645603305,181473.66629751568,861981.411,1175662.443,0.4602465527109615,6.148523333660974,98,679804.5085,72.94125418410637,0.194579476546392
19716,Oakdale,CA,"Modesto, CA",Stanislaus County,1822,495524.9918,861860.7217,684437.657336777,121492.71603139007,641894.9207,842413.1197,0.445337722597431,5.668125933690578,101,495524.9918,70.00416399583098,0.17750735180780633
19728,Oakley,CA,"San Francisco-Oakland-Berkeley, CA",Contra Costa County,1461,486625.8726,933864.0895,707623.3119570249,134949.06670040288,653759.8477,822280.5275,0.4416865188198232,5.9981033237619625,90,486625.8726,68.97591636602183,0.1907074914295624
19792,Othello,WA,"Othello, WA",Adams County,3391,247848.3069,493438.6302,367495.0542033058,88046.30886744971,338614.0141,492281.9347,0.5748761654093385,7.567492464451724,107,247848.3069,98.62227055624885,0.23958501715982466
19809,Pacific,WA,"Seattle-Tacoma-Bellevue, WA",King County,7632,300061.0412,681907.2459,503867.08100578515,128433.4811138267,468917.5407,668104.9806,0.6726174914334451,8.938261353514521,101,300061.0412,122.65635616277402,0.25489555868078645
19811,Pacifica,CA,"San Francisco-Oakland-Berkeley, CA",San Mateo County,1621,1022916.753,1751086.263,1402637.1533636365,181846.0386059716,1397813.501,1544653.653,0.3482150047949376,4.346821103438688,84,1022916.753,51.00482502313655,0.12964581621832147
20008,Pomona,CA,"Los Angeles-Long Beach-Anaheim, CA",Los Angeles County,243,476845.5107,860972.216,659574.6877479339,131174.54402702214,606149.0493,836683.1679,0.459050234840355,6.471773782976351,80,484984.2239,72.51760504121421,0.19887746825898875
20014,Pope Valley,CA,"Napa, CA",Napa County,23535,791060.2273,1177518.934,1004170.6551561984,91376.80587387191,1021304.962,908466.2321,0.12165452454381268,1.7683030105837805,66,791060.2273,14.841601277405037,0.09099728756727937
20044,Poway,CA,"San Diego-Chula Vista-Carlsbad, CA",San Diego County,1199,982794.7895,1935854.487,1365593.4930801652,344282.0060337057,1153245.769,1924101.838,0.5635411903760124,7.8305952449911365,92,986165.239,95.10947678008758,0.2521116333508299
20074,Pullman,WA,"Pullman, WA",Whitman County,1744,370442.6299,593563.1822,482198.5496876033,84180.17929844483,453075.205,589936.1529,0.38953459718375755,5.219607096342723,100,370442.6299,59.25169116180059,0.17457576210667103
20128,Redwood City,CA,"San Francisco-Oakland-Berkeley, CA",San Mateo County,466,1736716.362,2830996.36,2281971.185280992,273200.94087550906,2274925.615,2611086.657,0.34559708236132497,4.046368585763931,85,1736716.362,50.34617708058423,0.11972146828044555
20164,Richland,WA,"Kennewick-Richland, WA",Benton County,963,352581.2099,646657.3598,511608.3797057851,104355.90684444072,496761.3993,642561.6868,0.5027462769126255,6.639893837209611,102,352581.2099,82.24501724928706,0.20397614852292595
20172,Ridgecrest,CA,"Bakersfield, CA",Kern County,1884,242597.9963,373206.6281,316491.79265537194,42380.12787859161,301779.4722,368192.3311,0.34256705732995546,4.481290816659389,91,244667.5425,50.486790089862446,0.1339059301444172
20190,Ritzville,WA,"Othello, WA",Adams County,11330,163083.664,348401.9676,256132.53408429754,70059.8472614612,234209.0109,343511.1591,0.6254099117463595,8.577036733054214,95,163083.664,110.63492852355832,0.27352966897365455
20288,Sacramento,CA,"Sacramento-Roseville-Folsom, CA",Sacramento County,28,405136.4668,735555.5625,575264.0241280991,102720.92122150918,546337.96,679805.3494,0.43469544383192676,5.739872562397587,99,405136.4668,67.79663276660632,0.17856308914363017
20317,Salem,OR,"Salem, OR",Marion County,174,301796.7356,608101.9111,473199.47138099174,104250.82041061926,446354.9262,599255.7347,0.5747740958136318,7.445119002028302,100,301796.7356,98.56269601744494,0.22031051747875427
20328,San Bernardino,CA,"Riverside-San Bernardino-Ontario, CA",San Bernardino County,104,296591.3814,606093.1517,445084.3606438017,107485.80580519598,401252.0692,595215.6265,0.5770126417069478,8.047313860789648,86,299730.0643,98.58389177278136,0.24149535528437993
20330,San Francisco,CA,"San Francisco-Oakland-Berkeley, CA",San Francisco County,17,1928964.276,2429815.809,2110245.7624214874,118509.46257052674,2115094.91,1992456.632,0.02997621955064857,0.14256684784655532,70,1928964.276,3.291525757628904,0.0561590809378232
20337,San Ramon,CA,"San Francisco-Oakland-Berkeley, CA",Contra Costa County,569,1171743.433,2370230.092,1653651.6690743803,407931.0600728481,1391217.238,2169899.185,0.5227231575238188,7.58399861632773,84,1171743.433,85.1855213256399,0.24668499884330816
20403,Seaside,OR,"Astoria, OR",Clatsop County,9441,352700.5581,717490.1224,530603.2505826446,133697.02905513888,461285.098,687406.7078,0.5605571730682196,7.590001574930576,91,352700.5581,94.89810606001417,0.25197174896371044
20404,Seatac,WA,"Seattle-Tacoma-Bellevue, WA",King County,1950,341708.5786,768380.9594,577567.8616545454,136330.4311971523,551074.4181,748572.6466,0.6590353570388381,8.545743077940958,101,341708.5786,119.06756033663125,0.23604227355485058
20502,Silverton,OR,"Salem, OR",Marion County,3843,381598.2728,761414.8803,594341.4786586777,128018.64856903613,569608.402,761414.8803,0.5788154981982784,7.386030157442818,105,381598.2728,99.53310446430301,0.21539578367969758
20536,Snohomish,WA,"Seattle-Tacoma-Bellevue, WA",Snohomish County,785,561755.442,1310736.799,916138.0380826446,253989.00794299354,810476.4461,1279955.409,0.6942322029203243,9.407238184616633,103,561755.442,127.84922286520543,0.277238797413716
20544,Solana Beach,CA,"San Diego-Chula Vista-Carlsbad, CA",San Diego County,5074,1920164.313,3560290.26,2640474.3870247933,571524.1658561121,2298531.98,3327154.546,0.456209672265849,6.548774219341129,78,1938884.916,71.60144568374166,0.21644753255875673
20546,Somerset,CA,"Sacramento-Roseville-Folsom, CA",El Dorado County,11144,495933.2716,769317.9265,631150.4303016529,75179.56626242305,610272.7943,678990.3882,0.26554061037808346,3.6175868174365893,81,495933.2716,36.91164257026228,0.11911513112094628
20604,Spokane,WA,"Spokane-Spokane Valley, WA",Spokane County,81,280676.1788,641756.3144,463359.1642305785,126683.06047714075,440921.8687,605285.2177,0.6453240129483222,8.697555290884559,101,280676.1788,115.65250755793745,0.2734014351210722
20624,Stanfield,OR,"Hermiston-Pendleton, OR",Umatilla County,11644,221829.4729,461397.679,343585.6140140496,85490.25439263515,320130.0134,458802.7867,0.6092249350412494,8.115223398570159,100,221829.4729,106.8267938890279,0.2488179100220982
20637,Stateline,NV,"Gardnerville Ranchos, NV",Douglas County,11948,754119.979,1581108.991,1080677.8130190084,273100.5697876553,962116.5448,1333207.922,0.4792924191636094,7.064597503539536,87,757533.0549,75.99336601569068,0.2527122945410666
20722,Suquamish,WA,"Bremerton-Silverdale-Port Orchard, WA",Kitsap County,15519,369543.5481,859437.5869,623824.1161090909,161868.87388273084,585208.1045,813325.7595,0.6627895997863085,8.794854621647227,104,369543.5481,120.08928681929274,0.2594783845362338
20742,Tahoe City,CA,"Sacramento-Roseville-Folsom, CA",Placer County,13200,1243203.108,2433950.449,1675981.9448471074,378441.325437629,1413853.562,1999233.473,0.3822863153460302,5.990634371680257,77,1277581.523,56.48578482141996,0.2258027460266898
20769,Tenino,WA,"Olympia-Lacey-Tumwater, WA",Thurston County,6627,331294.3214,725731.589,534069.1582256198,139262.72900962192,497765.224,719943.7767,0.6514640295187489,8.757392519499161,106,331294.3214,117.31244099132935,0.260757856664679
21114,Visalia,CA,"Visalia, CA",Tulare County,226,305314.9107,529893.6124,415496.3941950413,82134.05278871943,377725.4542,528925.8617,0.45909188257184663,6.20614084420956,103,305817.8679,72.95453183688878,0.1976769327874462
21132,Waldport,OR,"Newport, OR",Lincoln County,9650,326494.882,696835.6546,508169.7269661157,143115.20519943754,440235.1148,676449.4487,0.6118588084378251,8.465246409263427,100,326494.882,107.18531468435084,0.2816287504056304
21240,West Richland,WA,"Kennewick-Richland, WA",Benton County,3465,347082.9587,673960.4007,526709.619561157,114517.37725720525,520134.3733,671254.0919,0.5525136908516617,7.206019729222603,103,347082.9587,93.39874663227017,0.21742032612318463
21304,Willamina,OR,"Portland-Vancouver-Hillsboro, OR-WA",Yamhill County,11429,239762.3414,509532.9758,385543.0805818182,94814.72933674189,362682.9386,499231.6566,0.61525175873085,8.126281209166356,105,239762.3414,108.2193782747235,0.2459251225405425
21363,Woodacre,CA,"San Francisco-Oakland-Berkeley, CA",Marin County,18804,1067741.499,1631823.275,1319890.926016529,144557.71694327402,1261289.48,1480773.718,0.2778845342094673,3.3659646032724524,73,1067741.499,38.68279161078107,0.10952247196634164
21395,Wrightwood,CA,"Riverside-San Bernardino-Ontario, CA",San Bernardino County,10536,334468.5543,583722.7253,466194.9482057851,87345.5322779867,430304.1573,568345.5035,0.4274946960163945,6.130333859664846,78,342027.6227,66.1694745627339,0.1873583843285902
21404,Yacolt,WA,"Portland-Vancouver-Hillsboro, OR-WA",Clark County,7273,418101.7203,892820.8179,673819.2047206612,163118.0785174584,619347.4991,880330.9279,0.624890270993901,8.197371220553768,106,418101.7203,110.55424676758977,0.24207988934521496
21412,Yorba Linda,CA,"Los Angeles-Long Beach-Anaheim, CA",Orange County,764,1094068.707,2049105.647,1478301.8970247933,325376.28193796595,1277158.649,2025824.254,0.48490302454517964,7.008041613372029,82,1139608.294,77.76496228273326,0.22010137617547068
21417,Yucaipa,CA,"Riverside-San Bernardino-Ontario, CA",San Bernardino County,1119,435237.7842,767139.6347,593870.5122396694,119316.67325644978,538280.1067,759488.9225,0.46716833567161054,6.407004346189292,89,435237.7842,74.49976772949483,0.20091361803176536
21425,Bethel Island,CA,"San Francisco-Oakland-Berkeley, CA",Contra Costa County,13819,573020.3413,969604.1312,767989.7322958679,128454.5574303717,709221.7597,902098.4125,0.3796048194278131,5.258972660087001,82,574900.2654,56.91389738224322,0.16726077449806923
21447,Corbett,OR,"Portland-Vancouver-Hillsboro, OR-WA",Multnomah County,13003,532457.6698,925730.1348,730664.333398347,111524.57015648445,682483.2885,847520.9414,0.3912523442719948,4.953908970784344,89,532457.6698,59.17151530906541,0.15263447941653252
21744,Colville,WA,"Spokane-Spokane Valley, WA",Stevens County,4243,265723.9582,504495.5375,383456.9243090909,87376.99062980534,355124.2466,504110.4782,0.5367619876239338,7.057912894291476,106,265723.9582,89.71209130513397,0.22786650883209472
21748,Concrete,WA,"Mount Vernon-Anacortes, WA",Skagit County,8776,213738.8065,523003.5353,385819.69690413226,106450.65594041806,362947.2126,513985.7877,0.7365015036207225,9.518126559568985,103,213738.8065,140.47378017898683,0.27590777970796215
21778,Hawaiian Gardens,CA,"Los Angeles-Long Beach-Anaheim, CA",Los Angeles County,4254,428566.584,816382.62,622003.3046644628,126749.16787091765,588479.6671,785509.6088,0.4908558101656512,6.922391715197886,80,438846.8187,78.9940305655906,0.20377571456680924
21875,Elgin,OR,"La Grande, OR",Union County,12667,262735.2898,471874.0706,363746.48971487605,69646.4890003624,334605.275,471874.0706,0.49151917130158707,6.113836775185538,98,262735.2898,79.60056715609124,0.1914698587330837
21880,Genoa,NV,"Gardnerville Ranchos, NV",Douglas County,24199,876924.0657,1817657.408,1274234.847931405,311923.99734483886,1137598.536,1566720.043,0.4897843081110698,7.002882656557536,90,877323.6627,78.5794809384662,0.24479317753019925
21894,La Grange,CA,"Sonora, CA",Tuolumne County,14331,352051.5166,600340.2447,477195.3474570248,71287.35956751266,447511.8441,531579.004,0.3466354447925059,4.488739149180233,80,352051.5166,50.994663830401464,0.14938821165672125
21991,Lakeside,CA,"San Diego-Chula Vista-Carlsbad, CA",San Diego County,1316,559778.2438,997163.0838,764937.865916529,150117.17028516257,683512.2172,975170.6418,0.4666670215814114,6.269882168789751,95,559778.2438,74.206599238325,0.19624753456974708
22081,Firebaugh,CA,"Fresno, CA",Fresno County,4144,205087.4158,421108.2612,313764.06895619835,71851.34001419171,284812.7273,421108.2612,0.6030927656359922,7.619774695369704,111,205087.4158,105.33110700983343,0.22899798645912575
22131,Dupont,WA,"Seattle-Tacoma-Bellevue, WA",Pierce County,5227,376312.99,696146.4808,527519.5225966942,116042.08596572875,487608.6734,668209.6627,0.4816350150914389,6.64825064082651,100,376531.0648,77.4646835726368,0.2199768558223516
22218,Mabton,WA,"Yakima, WA",Yakima County,9063,206081.9148,438331.9212,325171.25443966937,79326.05459290702,310066.8585,438331.9212,0.632787963233391,8.091225841941684,105,206081.9148,112.69790783213354,0.24395162090696051
22239,Malaga,WA,"Wenatchee, WA",Chelan County,13168,354904.7437,702420.1885,542740.7204272727,119346.83402988828,519612.1389,682918.1758,0.5489388718767182,7.225234587539743,104,354904.7437,92.4229495160732,0.21989659065185393
22423,Nooksack,WA,"Bellingham, WA",Whatcom County,27200,280771.1563,586214.3787,444881.90954462806,107423.168655033,419638.0136,581270.5385,0.6102672629665042,8.107487848089233,106,280771.1563,107.02644322870572,0.24146445685999943
22430,Pilot Hill,CA,"Sacramento-Roseville-Folsom, CA",El Dorado County,16108,629628.3784,1040405.073,824349.3643743802,121925.356554106,773532.9506,947733.5781,0.3389113407504382,4.597063259074901,79,634107.0766,49.459549195007355,0.14790495610636914
22458,Liberty Lake,WA,"Spokane-Spokane Valley, WA",Spokane County,4520,405835.9203,899889.875,641474.2186520661,172866.44492302026,585301.3383,836892.7639,0.608421824456186,8.295603513841062,102,405835.9203,106.21456160937069,0.2694830749180624
22544,Poulsbo,WA,"Bremerton-Silverdale-Port Orchard, WA",Kitsap County,2002,484069.6981,980254.9825,736687.166885124,163352.19695326072,687737.1923,922599.3987,0.5417748682186176,7.170403129364213,97,484069.6981,90.59226436218856,0.22173889310974407
22736,Woodbridge,CA,"Stockton, CA",San Joaquin County,16486,504778.2809,829451.576,664757.1076198347,110441.10352020935,630911.9672,806271.4915,0.39208559106773333,5.142616343036679,89,505582.0717,59.47390871455224,0.1661375294137796
22827,Rowland Heights,CA,"Los Angeles-Long Beach-Anaheim, CA",Los Angeles County,1356,825057.0478,1387423.679,1063642.3210801654,184792.42231431918,975655.3523,1374185.221,0.3802080489937393,5.549703976659578,78,875656.2854,56.93203416820924,0.17373549232852648
22833,Running Springs,CA,"Riverside-San Bernardino-Ontario, CA",San Bernardino County,11474,241160.785,507286.105,370430.4301553719,93897.04276782405,323673.5479,467887.725,0.5587088483724856,7.971973008756305,77,241160.785,94.01484573870498,0.25348091064883693
22904,Tygh Valley,OR,"The Dalles, OR",Wasco County,23740,342754.1305,616070.5294,486495.65344710747,89890.74018269274,450582.6194,595261.5431,0.4637042825041479,6.152697050988143,93,342754.1305,73.6701297316678,0.18477192868171388
22967,Talent,OR,"Medford, OR",Jackson County,7327,379894.2627,652276.3617,524603.2355446281,80791.65066435152,498919.8577,598386.7104,0.3815900072053425,4.945490428203092,89,379894.2627,57.51401617574362,0.15400524661361634
22973,Smith River,CA,"Crescent City, CA",Del Norte County,17083,467006.5536,818127.0187,652232.0196834711,118752.80286811142,605373.5095,809105.9183,0.46186197426720466,5.534188195793125,89,467006.5536,73.2536539504357,0.18207140907577996
22990,Ruston,WA,"Seattle-Tacoma-Bellevue, WA",Pierce County,18479,514293.1518,1132634.854,866527.9704727273,198666.12343553585,830178.0706,1127778.681,0.6588803856992119,8.024646183531289,100,514293.1518,119.28712778943913,0.22926683292999203
23020,Mossyrock,WA,"Centralia, WA",Lewis County,12972,299792.8862,671334.5426,482832.1644,135402.45038695386,438328.1329,651962.0744,0.6528300102264573,8.936260224059454,102,299792.8862,117.47082883249551,0.28043378293824756
23223,Ontario,OR,"Ontario, OR-ID",Malheur County,3764,216938.1338,477904.1823,341508.23357768595,99807.88547800851,300349.2762,473227.6169,0.6549232570766417,8.980385432367259,104,216938.1338,118.13943386102825,0.29225616153498774
23250,Friant,CA,"Madera, CA",Madera County,15223,655159.1856,983992.7909,802909.8296347108,122291.11204106637,731888.5712,974800.724,0.3336231044017588,4.376361016978977,90,655159.1856,48.78837776002023,0.1523098952427865
23256,Rainier,OR,"Portland-Vancouver-Hillsboro, OR-WA",Columbia County,6945,300599.2128,596783.9663,466163.8638371901,92055.22620795305,441371.3978,571586.0383,0.5393089198937289,6.8762283023187365,95,300599.2128,90.14888062275061,0.19747396430561542
23269,Greenville,CA,"Susanville, CA",Plumas County,19059,282994.1891,499902.9696,391044.14485950413,60557.800268993786,375165.4546,425509.5318,0.34479413529366437,4.615400134496393,77,282994.1891,50.359812388105304,0.15486180029815108
23409,Adin,CA,"Susanville, CA",Modoc County,26127,351720.8319,520497.0094,433066.90951818187,46477.80026541486,415652.9201,474663.1988,0.25422252647431015,3.298316741982986,73,351720.8319,34.95453090903485,0.1073224465871215
23504,Aptos,CA,"Santa Cruz-Watsonville, CA",Santa Cruz County,2592,1214795.367,2251425.401,1647887.946429752,320221.13431536296,1460852.963,1956188.565,0.40370443274149526,5.626450284857025,77,1214795.367,61.03029515422903,0.1943221534019599
23523,Arroyo Grande,CA,"San Luis Obispo-Paso Robles, CA",San Luis Obispo County,1942,882414.4923,1521286.01,1173766.3394884297,220044.84220560256,1043707.166,1520024.451,0.42609787076079425,6.035862787151067,82,915360.7028,66.0574292025419,0.1874690343407753
23574,Bainbridge Island,WA,"Bremerton-Silverdale-Port Orchard, WA",Kitsap County,3200,987174.1712,2262232.201,1578225.8650619832,377035.3298913006,1413255.918,1949709.6,0.5743785148106618,7.725205952101808,93,987174.1712,97.50411395285502,0.2388982073085546
23635,Beaumont,CA,"Riverside-San Bernardino-Ontario, CA",Riverside County,1083,342109.6569,647106.5599,487146.91268842976,107511.63162283007,433579.0182,620158.1129,0.49959238763733327,6.730900972804077,104,342109.6569,81.27465869262925,0.22069652669972384
23770,Bonney Lake,WA,"Seattle-Tacoma-Bellevue, WA",Pierce County,1100,461418.8693,946135.3052,714542.8019438017,168264.08462932904,665821.2095,930078.8358,0.5882724965869074,7.79413079857398,106,461418.8693,101.56931102774041,0.23548496209267375
23775,Boron,CA,"Bakersfield, CA",Kern County,12276,99764.97166,228588.0414,159362.48804247932,43536.64522932635,146857.1606,225651.5056,0.6670497246227246,9.466186370933373,87,102320.5669,120.53386961834747,0.273192554685274
23931,Campo,CA,"San Diego-Chula Vista-Carlsbad, CA",San Diego County,9176,347536.8106,653895.9464,517267.49420247937,97180.96015351794,492379.9644,620745.8334,0.48701972921366743,6.447306949154448,93,347536.8106,78.61297406980346,0.18787370411386684
23986,Castroville,CA,"Salinas, CA",Monterey County,6171,603642.0265,1053621.983,849626.0162421487,136729.73102637005,824915.4634,993308.4532,0.41810828535919625,5.368019069812107,95,603642.0265,64.55256751411757,0.16092931291242527
24095,Clatskanie,OR,"Portland-Vancouver-Hillsboro, OR-WA",Columbia County,7277,283101.2352,569769.5546,436709.6933917355,96920.60109977971,398974.5019,559381.3301,0.5714337901493581,7.357572981905681,103,283101.2352,97.59056498104606,0.22193370691417286
24174,Compton,CA,"Los Angeles-Long Beach-Anaheim, CA",Los Angeles County,284,374945.5271,729101.4784,565488.6130123967,120591.07588097142,549986.3089,704507.4667,0.5298013102032544,7.332224467605736,89,374945.5271,87.89595175304066,0.21325111258841176
24216,Corcoran,CA,"Hanford-Corcoran, CA",Kings County,2632,165520.864,336809.0273,252189.9912983471,56415.355744533874,234356.1848,334317.2872,0.588693209228705,7.663553744966559,106,165520.864,101.9789403709251,0.22370180297041642
24225,Corona,CA,"Riverside-San Bernardino-Ontario, CA",Riverside County,147,538625.3751,979247.0136,733199.5017842975,160287.89696963577,648088.1673,969223.0227,0.4933991376409852,6.772676313701858,94,538625.3751,79.94381020761531,0.21861430153670702
24239,Coulee City,WA,"Wenatchee, WA",Douglas County,18171,290687.3696,536962.0591,411317.2021396694,94068.87222783199,375953.1446,534196.6958,0.5109110170224315,6.678826505628065,89,290687.3696,83.77017774631238,0.22870152704162708
24245,Covina,CA,"Los Angeles-Long Beach-Anaheim, CA",Los Angeles County,611,558456.0939,962416.1335,751669.984031405,137899.27723506215,693210.4577,941623.4765,0.42014268058447446,5.921305277983279,82,571685.5385,64.71003953863352,0.18345720883448324
24268,Creswell,OR,"Eugene-Springfield, OR",Lane County,5062,360950.0488,681068.9071,531403.3183413224,114298.93811747004,502288.1471,673225.0568,0.5223676142203709,6.814114364094986,102,360950.0488,86.51474325552164,0.2150888678569662
24349,Delano,CA,"Bakersfield, CA",Kern County,1088,210054.9183,389302.7192,301660.106746281,58238.07462358049,282131.3334,388597.5581,0.5149994673509534,6.484820882389887,107,210054.9183,84.99807633402129,0.19305858919079125
24372,Des Moines,WA,"Seattle-Tacoma-Bellevue, WA",King County,2101,396094.3025,829857.207,633749.3295553719,137886.1271612788,599997.4863,805177.0938,0.5961383444258302,7.784207723894119,94,396094.3025,103.27914052740006,0.21757202845171833
24373,Descanso,CA,"San Diego-Chula Vista-Carlsbad, CA",San Diego County,9780,497183.4278,843317.6093,673381.0165289256,115629.46778053293,622874.8177,827637.437,0.42794225791905266,5.777090525602912,93,497183.4278,66.46520996531092,0.17171477208634076
24384,Diamond Bar,CA,"Los Angeles-Long Beach-Anaheim, CA",Los Angeles County,1178,835487.0593,1375989.294,1063626.9847677685,176623.96633334705,978414.7815,1359823.23,0.3506056638887777,5.235789584097919,79,898534.0244,51.33797864894741,0.16605818474219228
24435,Duarte,CA,"Los Angeles-Long Beach-Anaheim, CA",Los Angeles County,2931,555157.017,978099.3489,760774.9718173554,142071.27984387087,702355.7007,960420.4717,0.4337183807899281,6.113738542496326,78,573731.4161,67.39896835849773,0.1867454702203044
24449,Dundee,OR,"Portland-Vancouver-Hillsboro, OR-WA",Yamhill County,9403,470768.3706,971991.3817,730078.8377900827,166343.87330664357,665410.1262,971991.3817,0.6078545437575616,7.891044981392388,106,470768.3706,106.4691348021502,0.22784371316686747
24462,Duvall,WA,"Seattle-Tacoma-Bellevue, WA",King County,4908,588461.6937,1353154.276,942741.5636272727,241578.83059138464,829197.3656,1266561.747,0.6470516715263417,8.71267208546322,97,588461.6937,115.23265839725127,0.25625138416714227
24512,East Wenatchee,WA,"Wenatchee, WA",Douglas County,2630,379509.7934,722543.3971,563759.4336247934,122820.83706885905,562267.4926,712985.6643,0.5282547818891605,7.017002922772906,103,379509.7934,87.87016216694025,0.2178603669284259
24544,Edmonds,WA,"Seattle-Tacoma-Bellevue, WA",Snohomish County,990,642178.2739,1434767.506,1032986.0502933884,256793.8720893999,933886.1484,1398190.455,0.6556305843148159,8.749818624833313,98,642178.2739,117.72621588529888,0.24859374627224187
24608,Esparto,CA,"Sacramento-Roseville-Folsom, CA",Yolo County,9390,417250.3714,782013.3718,604710.157307438,105688.35767467324,588452.0928,671679.1379,0.40054598412324777,5.611863096628498,93,417250.3714,60.977481133525465,0.17477523140220827
24619,Estacada,OR,"Portland-Vancouver-Hillsboro, OR-WA",Clackamas County,5038,417735.6372,834196.2225,640114.8662884297,126557.460780331,598992.116,780684.9878,0.5250362317842693,6.654768882471175,96,417735.6372,86.8849382908239,0.19771054766177765
24660,Fairfax,CA,"San Francisco-Oakland-Berkeley, CA",Marin County,6116,1215405.418,1880623.079,1502324.4509752064,176458.2108712338,1423111.025,1622307.131,0.2460298025919147,3.350961864768169,65,1215405.418,33.47868184342749,0.11745679221069004
24680,Farmington,CA,"Modesto, CA",Stanislaus County,13570,1233272.057,2032667.053,1538502.3148925619,187897.89737228188,1493349.065,1393509.203,0.09718429140230635,1.9468672037176338,56,1256565.75,10.8982321856218,0.12213039626489176
24741,Fontana,CA,"Riverside-San Bernardino-Ontario, CA",San Bernardino County,125,420041.1968,781193.783,585549.9688644628,129844.79963060994,522214.382,767962.0992,0.5064817504338818,7.032757483884794,95,420041.1968,82.83018547955916,0.22174845279628919
24797,Frazier Park,CA,"Oxnard-Thousand Oaks-Ventura, CA",Ventura County,7594,259177.3496,505697.0816,383506.5059090909,84818.77338039975,358056.9086,483496.939,0.5232947768156229,6.956663057212202,99,259177.3496,86.55061476097448,0.22116645239000401
24812,Fullerton,CA,"Los Angeles-Long Beach-Anaheim, CA",Orange County,269,774828.2243,1503791.162,1080183.3641181819,237354.68450843618,955624.8515,1488767.87,0.519194118953244,7.269311941478792,87,803377.2896,85.3136613733822,0.2197355489752455
24831,Galt,CA,"Sacramento-Roseville-Folsom, CA",Sacramento County,1839,427792.991,792270.927,611494.6044338843,111742.6156405093,570951.7914,726617.3217,0.4455079859994403,5.962024360822474,93,427792.991,69.8525541527631,0.18273687916504108
24832,Garden Grove,CA,"Los Angeles-Long Beach-Anaheim, CA",Orange County,202,595114.8766,1148334.203,844368.8530082644,177655.09394582539,778369.8021,1136363.291,0.525190063071109,7.229969308260673,87,608448.0373,86.76422986630612,0.21039986649541484
24923,Grandview,WA,"Yakima, WA",Yakima County,4280,211209.2412,442859.2344,333475.27052231407,80520.29231843461,322815.9608,441558.0359,0.6178628028048162,7.986007472930013,106,211209.2412,109.06189207974866,0.24145806131986242
24929,Granite Falls,WA,"Seattle-Tacoma-Bellevue, WA",Snohomish County,5342,364062.3622,811872.0202,597117.9071115702,150348.1129894399,552143.0572,805902.9698,0.6676864507329648,8.723615706317814,103,364062.3622,121.36398965550634,0.25178965694851896
24950,Greenbank,WA,"Oak Harbor, WA",Island County,14853,576665.8174,1341216.296,934645.5661851239,243559.5530477767,822671.249,1196787.565,0.6159169156846607,8.324278427267634,90,576665.8174,107.53572153728976,0.2605902834824289
24967,Gresham,OR,"Portland-Vancouver-Hillsboro, OR-WA",Multnomah County,353,320973.4917,612523.9772,482716.6533909091,88656.06230896614,456463.8622,581327.1336,0.49831154385892495,6.266953516064482,96,320973.4917,81.11375195536121,0.18366066653426916
24969,Gridley,CA,"Chico, CA",Butte County,4533,277543.4773,519018.9732,402452.0914719008,77993.7702668143,390730.3811,486842.9169,0.47164248276146753,6.068615271538265,98,277543.4773,75.41140639877685,0.193796409360342
25078,Healdsburg,CA,"Santa Rosa-Petaluma, CA",Sonoma County,3436,1691843.95,2536756.667,2120482.8201570245,197851.91197563868,2086356.845,2208268.297,0.22543262547516568,2.5148861027925413,73,1691843.95,30.52434871431256,0.09330512376468464
25205,Hubbard,OR,"Salem, OR",Marion County,8673,373308.4024,729835.1593,576424.7244388431,115555.01752959948,548486.4026,716134.5908,0.546119999668755,6.949005039287665,100,373308.4024,91.83457596881564,0.20046853063440986
25218,Huntington Beach,CA,"Los Angeles-Long Beach-Anaheim, CA",Orange County,170,990760.1736,1906647.076,1391387.6205148762,306491.42636483395,1229298.262,1894798.254,0.5115636386213199,7.169606228838118,85,1032183.971,83.5717572870544,0.2202775285951001
25220,Hunts Point,WA,"Seattle-Tacoma-Bellevue, WA",King County,24375,10266095.48,20692494.66,14514115.154380165,2815556.4136473895,13389496.45,16469710.81,0.40259710232511536,5.44982116646795,78,10266095.48,60.42818656894081,0.19398746556022
25235,Index,WA,"Seattle-Tacoma-Bellevue, WA",Snohomish County,26845,288003.1581,640546.794,479270.6154793388,114752.4478994271,449578.0553,634686.2111,0.6638319672483419,8.648445587794454,101,288003.1581,120.37474008518518,0.239431428076721
25246,Indian Wells,CA,"Riverside-San Bernardino-Ontario, CA",Riverside County,7413,1656289.658,2981595.442,2163899.6219338845,521893.4004213386,1792064.774,2981062.461,0.44489842767895527,6.52255470249367,79,1760893.286,69.29262464119589,0.2411818899228425
25271,Irwindale,CA,"Los Angeles-Long Beach-Anaheim, CA",Los Angeles County,15972,554661.9794,923974.366,759241.7239933885,119083.47481579275,729054.0508,862899.997,0.35365700543577216,5.25987717269805,77,567990.3326,51.92159927265636,0.15684527213474075
25341,Julian,CA,"San Diego-Chula Vista-Carlsbad, CA",San Diego County,11579,498982.6393,853278.9427,672944.2209049587,123153.79816519456,611762.2882,829145.5119,0.42673783781269015,5.686465888661268,91,498982.6393,66.16720635074009,0.1830074385653842
25385,Kernville,CA,"Visalia, CA",Tulare County,21437,328591.2136,504565.1807,415410.3260322314,58446.41796795962,398417.3034,498495.6325,0.33798193898508555,4.325037555427848,92,333104.8786,49.6512553629108,0.14069563105522034
25411,Kingsburg,CA,"Visalia, CA",Tulare County,3718,407889.7119,695643.4842,543422.1070157025,96928.16158354458,502608.9463,695643.4842,0.44726889845919493,5.728445358053868,105,407889.7119,70.54695519521877,0.17836624666567674
25455,Lafayette,CA,"San Francisco-Oakland-Berkeley, CA",Contra Costa County,2207,2016361.37,3154779.879,2457494.687,347974.19087450736,2240181.794,2734803.345,0.25445994848348585,3.5676425882680793,72,2026522.956,34.95052384691566,0.1415971284557684
25456,Lafayette,OR,"Portland-Vancouver-Hillsboro, OR-WA",Yamhill County,14182,263117.1607,541229.0195,422102.447692562,89833.10817733096,398058.223,527892.5586,0.5838476920414256,7.490132851175877,102,263117.1607,100.63022768852794,0.21282299751732506
25458,Laguna Hills,CA,"Los Angeles-Long Beach-Anaheim, CA",Orange County,1914,1003930.465,2098940.936,1424886.115,366713.17761623027,1203726.368,2074882.316,0.5744758295209812,8.300432596613117,80,1049985.287,97.61060861417576,0.2573631490655871
25459,Laguna Niguel,CA,"Los Angeles-Long Beach-Anaheim, CA",Orange County,884,1004325.986,2148712.178,1438907.4076198346,385807.8546596681,1199998.758,2142967.262,0.6025388745527948,8.61317573615616,85,1049403.116,104.2082045809363,0.26812556014139316
25468,Lake Hughes,CA,"Los Angeles-Long Beach-Anaheim, CA",Los Angeles County,10469,313154.5653,581375.3948,460041.12658842973,88935.80356956657,442227.0599,533620.0649,0.44924484176813223,6.450077678583495,81,313323.6533,70.30953752766037,0.19332141938938413
25489,Lakewood,WA,"Seattle-Tacoma-Bellevue, WA",Pierce County,791,339900.1566,721118.9608,540164.4237818181,133910.50035238924,511292.0711,712686.9375,0.6214900045881037,8.246094872961406,104,339900.1566,109.67537780181182,0.24790692325653427
25499,Landers,CA,"Riverside-San Bernardino-Ontario, CA",San Bernardino County,12615,151344.0794,470889.5922,299257.0905942149,106340.49264495894,256155.652,379132.5347,0.7797977288696083,11.91776353143426,76,151344.0794,150.510318079876,0.3553482807501927
25512,Larkspur,CA,"San Francisco-Oakland-Berkeley, CA",Marin County,7500,2347758.903,3679085.513,2938074.223247934,368834.56853855075,2766291.619,3132009.998,0.2427030681991793,3.410624658403039,74,2353167.356,33.09763073221894,0.12553616434196735
25535,Lebec,CA,"Los Angeles-Long Beach-Anaheim, CA",Los Angeles County,20577,393197.3441,649843.6536,522961.2390404959,89673.54575377714,491624.8935,621623.2028,0.37559140604938485,5.183642279957116,82,397967.2602,56.19958347518356,0.1714726428258925
25547,Lemon Grove,CA,"San Diego-Chula Vista-Carlsbad, CA",San Diego County,2351,470834.8063,862928.4666,664028.3689628099,130058.24604017704,608062.5685,843139.5093,0.48923879555023064,6.478628541436624,96,470834.8063,79.07331786401112,0.19586248437446077
25621,Llano,CA,"Los Angeles-Long Beach-Anaheim, CA",Los Angeles County,10673,333400.29,593457.9768,473247.96670743806,87456.79203349129,460853.3762,547557.0729,0.4133762883734468,5.85951523908847,77,335592.3788,63.161355111202546,0.18480119976417583
25652,Los Osos,CA,"San Luis Obispo-Paso Robles, CA",San Luis Obispo County,4303,641286.3221,1165977.8,906157.0335785124,174888.1632490671,828867.916,1165977.8,0.4759097388983114,6.605385527694248,88,661738.9096,76.19906931342398,0.19299984083157726
25661,Lowell,OR,"Eugene-Springfield, OR",Lane County,17805,318519.758,631568.9639,486692.83920909086,105340.12599107297,462478.4109,612297.6973,0.5479801759993451,7.01097876521409,97,318519.758,92.23224993785159,0.21644067367471007
25710,Magalia,CA,"Chico, CA",Butte County,5451,264896.3884,431464.2468,352999.20789917355,47721.676359655525,363065.513,371865.4793,0.28545803600641767,3.7937848478248655,80,264896.3884,40.3814833211218,0.13518918822414516
25750,Marblemount,WA,"Mount Vernon-Anacortes, WA",Skagit County,19981,202140.6762,454850.6438,338758.78012975206,83189.31077540007,317500.2113,443524.6757,0.6602730782234569,8.526096261388822,102,202140.6762,119.41386762809299,0.2455709361792386
25837,Mead,WA,"Spokane-Spokane Valley, WA",Spokane County,5784,345216.1407,775442.444,557520.2174231405,150458.56978868236,520691.8599,723437.6518,0.6217100062731615,8.450526105197401,101,345216.1407,109.56078424753679,0.26987105594861144
25855,Merced,CA,"Merced, CA",Merced County,420,283496.0737,522959.1846,398769.3097090909,82902.33393193757,365335.5075,499987.3831,0.47645385758662007,6.577262939374994,100,283496.0737,76.3648351719659,0.20789547217767648
25893,Mill Creek,WA,"Seattle-Tacoma-Bellevue, WA",Snohomish County,2739,550836.4591,1371155.201,913480.42367438,272340.64180469257,787686.892,1313788.513,0.7351859378002771,10.195340400492348,98,550836.4591,138.50790761863715,0.2981351704388263
25934,Modesto,CA,"Modesto, CA",Stanislaus County,93,317413.4322,592456.1372,460474.2143363636,93433.89677883824,427340.3954,579876.1298,0.5055855467544007,6.602824823545501,107,317413.4322,82.68796181083606,0.2029079889163726
25953,Montebello,CA,"Los Angeles-Long Beach-Anaheim, CA",Los Angeles County,914,549562.6582,999280.8879,772255.6168123967,147202.47798427142,733985.7491,989303.2551,0.45829055706531135,6.393251130671548,84,574013.1912,72.3485226936715,0.19061367088772005
25974,Moorpark,CA,"Oxnard-Thousand Oaks-Ventura, CA",Ventura County,1594,813963.4744,1293013.941,1035663.9276652893,174166.32917392204,928592.6759,1289193.52,0.38612253762030496,5.164882969501878,100,813963.4744,58.384689306889136,0.16816877031388694
25981,Moreno Valley,CA,"Riverside-San Bernardino-Ontario, CA",Riverside County,154,317656.1499,647111.5849,477852.95675785124,117832.74713172419,426502.6601,635676.3852,0.5821394151136405,7.897927992167169,104,317656.1499,100.11461619745583,0.24658787910657448
25998,Mosier,OR,"The Dalles, OR",Wasco County,17292,480814.4582,1026815.345,742548.8860942149,186727.75070569065,664484.7565,934821.0569,0.55907204676715,7.7547412340890896,91,480814.4582,94.42448972928992,0.25146862947687265
26038,Mukilteo,WA,"Seattle-Tacoma-Bellevue, WA",Snohomish County,3432,612282.4943,1305714.388,940247.4569330579,233432.33893440478,838095.0718,1280291.174,0.6216226994801826,8.355810008568904,102,612282.4943,109.1013847233555,0.2482669186852417
26055,Myrtle Point,OR,"Coos Bay, OR",Coos County,8870,263762.8905,524066.7788,394768.00010165287,86223.41072996585,372156.7484,481504.9489,0.5055436646954755,6.7064661508317105,95,263762.8905,82.5521960224348,0.21841540020407757
26057,Naches,WA,"Yakima, WA",Yakima County,8388,263996.8763,502577.846,387111.20730826445,84239.82243009354,366997.4177,501032.0891,0.5368688462687673,6.985632745587521,108,263996.8763,89.78712783352731,0.2176114275167747
26126,Newberry Springs,CA,"Riverside-San Bernardino-Ontario, CA",San Bernardino County,13631,254019.9195,490689.76,367567.2701049587,67422.29281079402,346550.657,403320.2238,0.330453706351466,5.576840211040406,70,274636.3123,46.85611688502125,0.1834284450613397
26173,North Bend,WA,"Seattle-Tacoma-Bellevue, WA",King County,4004,623501.2739,1478148.701,1044738.565661157,276311.70689553337,927962.0777,1436287.215,0.7033972305371123,9.334076470866878,99,623501.2739,130.35834490217232,0.2644792831215827
26187,North Las Vegas,NV,"Las Vegas-Henderson-Paradise, NV",Clark County,103,240090.0531,510575.825,373241.1267198347,91655.05071821672,348164.8509,494242.9358,0.6066705138597529,8.26401014055805,104,240090.0531,105.85731454444831,0.24556525033484744
26240,Oak Harbor,WA,"Oak Harbor, WA",Island County,1648,383991.1172,752935.9176,574612.9128289256,121548.72500849802,528485.6047,723220.6105,0.5316036673252327,6.89939618766995,95,383991.1172,88.34305745758016,0.2115314889289403
26260,Oceano,CA,"San Luis Obispo-Paso Robles, CA",San Luis Obispo County,6830,501620.1757,846357.7543,682679.1065214876,118942.75327158043,628181.1203,837899.9937,0.42536597303372903,5.838132470104762,86,504766.5575,65.99752524215117,0.1742293738527307
26310,Orangevale,CA,"Sacramento-Roseville-Folsom, CA",Sacramento County,1912,454445.1996,798979.5296,626785.9816115703,109338.0077215198,586603.3507,748573.6963,0.41949826169243126,5.635188263733819,97,454445.1996,64.72254453537856,0.17444233108148607
26344,Outlook,WA,"Yakima, WA",Yakima County,13245,276013.3052,595258.6719,435951.66954132234,112065.19486462644,410130.5204,589058.9111,0.6360966149905134,8.490334755184376,105,276013.3052,113.41685346406265,0.2570587583310176
26354,Packwood,WA,"Centralia, WA",Lewis County,22603,250884.9672,657064.4147,439870.51013388427,152089.14517477396,373902.5375,657064.4147,0.8103921781886069,10.997271875581031,99,250884.9672,161.89867891773787,0.34575890329288567
26374,Palo Alto,CA,"San Jose-Sunnyvale-Santa Clara, CA",Santa Clara County,795,3811148.14,5499262.261,4644727.771099173,391767.6680846436,4669437.276,4890532.251,0.1264991522129305,1.8849692221393115,69,4246764.363,15.159020679575205,0.08434674482374063
26399,Parkland,WA,"Seattle-Tacoma-Bellevue, WA",Pierce County,2426,245582.9539,565458.9736,420017.31677851244,111156.19932728529,404802.5317,550044.1505,0.6767980594692701,9.033193312187587,105,245582.9539,123.97488985492654,0.2646467059497484
26450,Pendleton,OR,"Hermiston-Pendleton, OR",Umatilla County,3203,259505.3699,452690.0191,353092.8907190083,73398.31694707256,330154.3449,451905.7751,0.4648122457048633,6.2078653983635474,104,259505.3699,74.14120381175205,0.2078725425414555
26469,Petaluma,CA,"Santa Rosa-Petaluma, CA",Sonoma County,718,858991.9129,1353872.674,1120942.6361454546,151559.57339769506,1063535.445,1286151.964,0.3392625166898362,4.351218143658421,81,858991.9129,49.728064337402905,0.13520725192402133
26483,Pico Rivera,CA,"Los Angeles-Long Beach-Anaheim, CA",Los Angeles County,925,472156.3195,854964.4424,658607.6066033058,128665.29754974859,617525.9913,832534.62,0.4633997383587493,6.453826737127136,82,479871.3223,73.49122177372507,0.19535956806409405
26494,Pilot Rock,OR,"Hermiston-Pendleton, OR",Umatilla County,15698,252634.6698,418646.9528,326228.1563710744,60483.259654706286,290406.5944,411293.1904,0.4015405352956119,5.465344315244601,87,255189.0526,61.17195710769296,0.1854017149455011
26526,Pismo Beach,CA,"San Luis Obispo-Paso Robles, CA",San Luis Obispo County,8131,1033374.614,1786828.033,1413177.9073057852,246151.4066596027,1281524.5,1714966.166,0.37195931519402425,5.573804397862921,73,1104055.264,55.33336255167749,0.1741828862360924
26531,Placentia,CA,"Los Angeles-Long Beach-Anaheim, CA",Orange County,1146,727884.6622,1344278.35,981217.2155297521,200082.52859012835,871653.5015,1328358.154,0.4850451777813275,6.700594026515741,88,746091.6172,78.04223011983201,0.20391257452826614
26545,Pleasant Grove,CA,"Yuba City, CA",Sutter County,18257,895263.3496,1651564.721,1233002.6382826446,217417.49504342471,1163059.436,1297297.016,0.2984417967769814,4.993986213481798,77,913544.3356,42.00701218818877,0.1763317354667213
26567,Point Reyes Station,CA,"San Francisco-Oakland-Berkeley, CA",Marin County,17920,1526294.74,2564570.047,1988220.8976033058,306676.02280933165,1835907.397,2297129.466,0.3410644011611848,4.70309700471888,75,1535279.36,49.62289768553912,0.15424645379143395
26592,Port Orchard,WA,"Bremerton-Silverdale-Port Orchard, WA",Kitsap County,894,363749.1442,768473.6768,576206.8327595041,134816.5771053579,545623.1445,734086.225,0.5892795349455071,7.74591348749227,99,363749.1442,101.81112085211608,0.23397254152594774
26679,Rancho Cordova,CA,"Sacramento-Roseville-Folsom, CA",Sacramento County,586,410267.9382,753093.2069,575443.8206652893,109181.31831759357,532383.6077,691688.7562,0.4390118649502258,6.016724921579171,96,410267.9382,68.59439692867522,0.18973410504498162
26716,Redmond,OR,"Bend, OR",Deschutes County,1475,368147.2457,783823.1342,575049.7926933885,138568.26500680312,517054.8235,730174.4473,0.5761262648340035,7.67151320933445,100,368147.2457,98.3376097006068,0.2409674201564081
26751,Richmond,CA,"San Francisco-Oakland-Berkeley, CA",Contra Costa County,329,528929.2969,964445.4894,762958.1591305785,117583.94182462833,744646.0316,822221.3934,0.371943956861015,4.909323145999997,80,528929.2969,55.450151507763835,0.15411584556434912
26767,Rio Linda,CA,"Sacramento-Roseville-Folsom, CA",Sacramento County,3724,340243.1129,636292.432,498753.13334710745,89391.3416074337,473985.2072,597093.5581,0.47301098183734797,6.213965377152917,91,340243.1129,75.49027018086632,0.17922963412286327
26866,Roy,WA,"Seattle-Tacoma-Bellevue, WA",Pierce County,4977,382657.3628,845491.3448,620736.7466190082,164319.14131753065,571519.3573,839285.1803,0.6596940021947061,8.787541666742106,104,382657.3628,119.33072818950603,0.26471631043680643
26938,Sammamish,WA,"Seattle-Tacoma-Bellevue, WA",King County,855,962376.4589,2523302.188,1606077.7292000002,472433.51138420036,1349035.987,2237656.932,0.7163804381143393,10.179245737524068,93,962376.4589,132.51368124254105,0.29415357849431306
26964,Santa Monica,CA,"Los Angeles-Long Beach-Anaheim, CA",Los Angeles County,523,2126127.451,3910662.925,3162787.669801653,540105.3228819862,3288342.82,3543722.845,0.32927527384594707,5.588148980243232,67,2415828.568,46.68767858531261,0.1707687582188714
26965,Santa Paula,CA,"Oxnard-Thousand Oaks-Ventura, CA",Ventura County,1663,539414.886,901694.4828,724997.3348115702,123162.07316734061,676315.1267,896334.1182,0.4258918944600883,5.573726819385757,102,539414.886,66.16784991728981,0.1698793461073218
26967,Santa Rosa,CA,"Santa Rosa-Petaluma, CA",Sonoma County,140,730079.1191,1041248.451,922299.6469024793,91377.19839364573,917103.1816,1013543.111,0.275381246953596,3.464683959296203,69,730079.1191,38.826475718061666,0.09907539127932424
26968,Santa Ynez,CA,"Santa Maria-Santa Barbara, CA",Santa Barbara County,7637,2733351.654,4599117.03,3339162.570157025,566471.7967613109,2967490.451,3548635.232,0.20943626364886975,3.647375133355132,64,2780398.521,27.630453159775637,0.1696448689932076
27011,Seaside,CA,"Salinas, CA",Monterey County,1921,600191.8401,1029539.597,830619.3019677686,141317.35020586173,775926.7817,1008467.181,0.4352119198954975,5.726582125386188,102,600191.8401,68.02414055345633,0.17013492206486844
27077,Sheridan,OR,"Salem, OR",Polk County,5368,320626.5029,682150.9855,513976.1464933884,126041.94799545177,477578.5464,667664.5571,0.6155473498427696,8.156125526820599,104,320626.5029,108.23748226085897,0.24522917815423004
27103,Signal Hill,CA,"Los Angeles-Long Beach-Anaheim, CA",Los Angeles County,4982,660056.9293,1122007.359,875235.3959677686,162396.1824906786,806629.7018,1101264.699,0.4124701110999116,5.837767371747201,79,674576.7451,63.25269244743197,0.18554572088702292
27107,Silver Springs,NV,"Fernley, NV",Lyon County,7619,191515.1728,475006.6837,348098.150092562,91840.48010461548,346892.3535,460392.689,0.7368456295939124,9.589744891287724,106,191515.1728,140.39489000737805,0.2638350134299604
27110,Simi Valley,CA,"Oxnard-Thousand Oaks-Ventura, CA",Ventura County,316,671799.2487,1107524.051,877646.5178619835,150602.99012140857,796685.3031,1096438.275,0.4111621149232741,5.465627818801659,100,671799.2487,63.209214229060194,0.17159868700703035
27137,Snelling,CA,"Merced, CA",Merced County,18120,945550.2785,1483518.189,1148271.3311066115,148570.1499519548,1063121.899,1178990.035,0.1722485606845357,2.909663199495081,66,965052.0391,22.168545035096425,0.1293859264158192
27183,South Pasadena,CA,"Los Angeles-Long Beach-Anaheim, CA",Los Angeles County,2399,1388260.555,2481169.068,1934814.812785124,364119.4645164538,1853857.534,2412730.517,0.38148231170554125,6.128627707200175,69,1546197.891,56.04280222110327,0.18819344472162258
27243,Standish,CA,"Susanville, CA",Lassen County,17805,359744.1087,549403.9173,452977.04431652895,48694.20034274902,443039.111,455217.9729,0.199633881651963,2.4202305799831842,71,359744.1087,26.53938226952819,0.10749816343612048
27244,Stanford,CA,"San Jose-Sunnyvale-Santa Clara, CA",Santa Clara County,3817,3062562.164,4376128.477,3739837.166198347,368502.200584708,3733821.087,4159111.434,0.2336778398896099,2.8299954282063804,72,3169270.704,31.232445014895767,0.09853429018657012
27312,Sultan,WA,"Seattle-Tacoma-Bellevue, WA",Snohomish County,6901,326265.6641,724024.4932,530578.6573338843,124500.90449758458,506329.0015,665968.1253,0.5998414051658536,7.895727499316543,98,326265.6641,104.11836076501191,0.23465117334947425
27362,Tacoma,WA,"Seattle-Tacoma-Bellevue, WA",Pierce County,134,324762.8154,724756.4082,542557.0006975207,134785.31963299584,522374.118,703745.9339,0.6492699127037075,8.560336790418745,103,324762.8154,116.69535443373296,0.24842609985626118
27410,Thorp,WA,"Ellensburg, WA",Kittitas County,25049,394948.6492,829728.6945,620708.484994215,147719.53844963136,583891.6494,754910.4514,0.5456729997690845,7.578429323538408,90,394948.6492,91.14141874624244,0.23798536997767658
27420,Tidewater,OR,"Newport, OR",Lincoln County,21743,290401.6855,595256.2111,451933.82341404964,111759.78221932682,409307.5374,578895.5182,0.5789904401247059,7.797605721975514,97,290401.6855,99.34302970841401,0.247292361025467
27447,Touchet,WA,"Walla Walla, WA",Walla Walla County,14065,473419.9609,988253.3054,721840.4943793389,180137.94137350118,648253.2717,923953.659,0.5568870275783983,7.8686684075288715,91,476409.3495,93.9411264639759,0.24955366563133788
27491,Tustin,CA,"Los Angeles-Long Beach-Anaheim, CA",Orange County,646,874373.7532,1759881.344,1201261.6704454545,280224.3031592738,1039454.441,1749124.199,0.5581983012524966,7.778575085467225,88,900809.6944,94.1724439549948,0.2332749891664823
27503,Underwood,WA,"Portland-Vancouver-Hillsboro, OR-WA",Skamania County,22346,593170.4446,1203048.303,911481.4283661157,211059.36508600408,844819.5011,1188687.045,0.5847505271569275,7.765682634237071,96,593170.4446,100.39552810180588,0.2315564075335473
27512,Upland,CA,"Riverside-San Bernardino-Ontario, CA",San Bernardino County,631,624484.4218,1057568.399,819832.7573512397,151430.9171954701,735401.3806,1051250.851,0.4058087537832756,5.82778234995494,81,649074.8582,61.96141904422328,0.1847095225674092
27683,Victorville,CA,"Riverside-San Bernardino-Ontario, CA",San Bernardino County,259,249011.4841,510092.026,381038.89374132233,94620.42707564974,335596.5909,498461.2224,0.5831050041208641,8.122900983733588,96,249011.4841,100.17599758564711,0.2483222280712508
27824,Welches,OR,"Portland-Vancouver-Hillsboro, OR-WA",Clackamas County,14168,349069.2159,671417.619,516478.2122165289,110351.53500381886,470433.7252,661837.0467,0.5365585957634347,6.9819207165046935,103,349069.2159,89.60051948253164,0.21366154930375836
27836,Wenatchee,WA,"Wenatchee, WA",Chelan County,1361,376473.0598,720394.4783,557699.1907057851,121449.4179274721,529188.2399,706168.4309,0.5272428923019903,6.85486854777259,103,376473.0598,87.57475801194103,0.21776868238552438
27889,West Wendover,NV,"Elko, NV",Elko County,12430,220359.1739,362235.6804,284472.69542561984,49794.539136930034,257489.3241,361981.1888,0.4158925427663211,5.309157317604351,97,220359.1739,64.26871747316893,0.17504154155262205
27960,Willits,CA,"Ukiah, CA",Mendocino County,4124,450149.3765,649105.7975,549253.1432264462,52436.31188373188,552409.2617,466254.0523,0.03242709173880337,0.7213525262256784,69,450149.3765,3.577629258362411,0.09546838744646642
27974,Winchester,OR,"Roseburg, OR",Douglas County,20697,374532.7551,650163.4309,517855.06590578513,96348.64642160852,481224.0825,646037.3812,0.4569238567510456,5.907886032555054,98,374532.7551,72.49155712095417,0.1860533048046642
27996,Winthrop,WA,"Wenatchee, WA",Okanogan County,12449,493588.6984,1051272.148,730037.7160586776,201324.4056971471,617972.7453,937654.8766,0.5415407619465805,7.925128727464729,91,493588.6984,89.96684479192281,0.27577260909759
28017,Woodinville,WA,"Seattle-Tacoma-Bellevue, WA",King County,1473,868276.9399,2177551.66,1436166.5349785124,410564.9599491445,1234695.44,2017355.339,0.7136637664874724,9.834027260014416,96,868276.9399,132.34008025507853,0.2858755930803577
28041,Yamhill,OR,"Portland-Vancouver-Hillsboro, OR-WA",Yamhill County,11717,540280.4945,993736.3991,781670.2770165289,152659.10396296153,726336.3583,957544.7054,0.48105512148994045,6.382605833531741,93,540280.4945,77.23103372187352,0.19529859130070704
28049,Yarrow Point,WA,"Seattle-Tacoma-Bellevue, WA",King County,23519,4241334.962,9113465.227,6405365.440900826,1502564.8968299106,5721263.364,8095536.174,0.5456094874617992,7.405328622751325,91,4241334.962,90.87236086117923,0.23457910570338913
28063,Yucca Valley,CA,"Riverside-San Bernardino-Ontario, CA",San Bernardino County,2557,229914.0919,563273.5364,382239.6164338843,116317.7030001194,320849.7897,493712.4679,0.6454200691864551,9.610928502206736,83,229914.0919,114.7378022025452,0.3043057234237226
28085,Cantua Creek,CA,"Fresno, CA",Fresno County,21523,307044.2565,521119.2083,443584.0498520661,63623.90265875393,454890.6855,478317.3484,0.3736044972634824,4.99416531026101,81,307044.2565,55.7812394383609,0.14343144817757153
28136,Bloomington,CA,"Riverside-San Bernardino-Ontario, CA",San Bernardino County,2081,334684.0398,682391.13,506695.12954462814,119553.6688110667,462156.7567,668613.97,0.580895208178045,8.053975790366351,88,335286.262,99.41585617367168,0.23594793365886652
28143,Cayucos,CA,"San Luis Obispo-Paso Robles, CA",San Luis Obispo County,14337,1285033.892,2170510.643,1715081.7236198348,311763.58789403853,1532282.212,2128800.397,0.376140140780894,5.677404893337988,74,1362845.709,56.20259747246266,0.18177768650932466
28219,Denair,CA,"Modesto, CA",Stanislaus County,6337,553420.643,974300.8355,758623.2901396694,123101.68884624705,721020.4434,889695.3409,0.3995333800771768,5.0321752637019035,92,553676.2037,60.68874460461123,0.16226985177792644
28224,Auberry,CA,"Fresno, CA",Fresno County,14010,397874.7009,582562.0136,487937.9580636364,61219.742600260164,455815.3565,569906.0298,0.3022574882736534,3.8610396658818567,78,397874.7009,43.23756411525084,0.12546624337899112
28279,Clarksburg,CA,"Sacramento-Roseville-Folsom, CA",Yolo County,13834,951882.0157,1642004.062,1243026.8527512397,174562.4205341961,1210284.389,1218520.933,0.17437569905587147,3.3426379042106884,71,995049.4528,22.458329037935428,0.1404333463495421
28324,Cloverdale,CA,"Santa Rosa-Petaluma, CA",Sonoma County,5220,598038.6217,927083.3022,801438.1578826446,89344.17088672814,801252.0882,873229.1731,0.317747584365576,3.9364956598588425,72,598038.6217,46.01551495415735,0.11147980665503938
28348,Cobb,CA,"Clearlake, CA",Lake County,27310,304062.2343,481859.5998,398543.9158413223,45675.445239278495,399335.2913,421197.3178,0.2745865382765912,3.3012392279984373,75,304062.2343,38.52339103199177,0.11460580233136436
28349,Coburg,OR,"Eugene-Springfield, OR",Lane County,24240,412282.0365,780175.175,596927.4701570248,130220.70230383266,549294.2994,779903.6019,0.534356303813759,7.087014317190613,106,412282.0365,89.16749527116494,0.21815163284339628
28431,Kelseyville,CA,"Clearlake, CA",Lake County,4962,376527.2633,628792.7999,499425.6780809917,66123.93961974657,487975.7044,518964.6379,0.2698776680784772,3.7491225383441695,71,376942.596,37.677366104837866,0.13239995963728415
28458,Keyes,CA,"Modesto, CA",Stanislaus County,12040,271417.1044,546649.2409,418653.33367933886,92490.75107513566,388056.9552,546649.2409,0.5873784440334603,7.409297323022906,110,271417.1044,101.40559752430988,0.22092443469225434
28459,Keyport,WA,"Bremerton-Silverdale-Port Orchard, WA",Kitsap County,17348,483712.0314,1039631.368,756355.5148768595,189721.5824317176,712923.9961,1009577.874,0.6193236255086753,8.218084442197926,96,483712.0314,108.71465013553517,0.25083651629433246
28485,Highland,CA,"Riverside-San Bernardino-Ontario, CA",San Bernardino County,1151,388806.5448,720429.9526,542646.8592132231,118177.61060807832,489562.9406,707260.0798,0.5023056721151024,7.000379566256881,92,388806.5448,81.90539466453961,0.2177799587367419
28512,Hilmar,CA,"Merced, CA",Merced County,6060,531861.6456,914004.5207,714249.9429917355,117646.15815730325,674296.4911,810312.0015,0.35419992101923353,4.83391168751835,86,531861.6456,52.35390786374086,0.16471287020972783
28552,Eltopia,WA,"Kennewick-Richland, WA",Franklin County,17645,988009.1343,1774905.484,1316280.516928099,191772.54816617107,1305384.78,1159775.451,0.15143155413692036,2.9777911582417036,67,988331.256,17.34683528009356,0.14569276510581863
28584,Glide,OR,"Roseburg, OR",Douglas County,16605,296734.9738,545359.9985,423869.56603388424,90569.41121451472,378048.8201,538610.0289,0.5002147457769108,6.539175374256793,94,296734.9738,81.51214937778934,0.21367283351330438
28730,Guerneville,CA,"Santa Rosa-Petaluma, CA",Sonoma County,8914,553711.5923,892938.386,723543.6959338844,82631.46349732138,712411.6532,747608.1736,0.2542408538200242,3.2646510153686386,68,553711.5923,35.01761277826871,0.11420383310874986
28741,Jacksonville,OR,"Medford, OR",Jackson County,7389,569058.9359,938803.3034,748749.9208173554,110926.56506124187,690589.6333,855412.7992,0.3429690082155809,4.479101731385205,82,569058.9359,50.3205986647261,0.14814901741846126
28774,Half Moon Bay,CA,"San Francisco-Oakland-Berkeley, CA",San Mateo County,3770,1298221.561,2269581.873,1772709.255,278699.9623993996,1653001.185,2134040.838,0.4189772300968185,5.041355363137456,85,1298221.561,64.38186686378721,0.1572169613337973
28782,Jean,NV,"Las Vegas-Henderson-Paradise, NV",Clark County,16613,271998.6553,479355.4924,386086.1665735537,64389.261813151854,384381.9844,475438.3598,0.46992659169826806,6.0783365410538,93,271998.6553,74.794378772063,0.1667743301569055
28814,Dunlap,CA,"Fresno, CA",Fresno County,19157,403362.1167,628844.3496,501330.35210082645,65689.67975079213,466022.4041,571305.933,0.2937390536418582,3.8672429351119053,83,403362.1167,41.63599141981594,0.13103072549970157
28867,Prineville,OR,"Prineville, OR",Crook County,3065,284048.485,656628.2284,475744.7276214876,121060.61574157445,439267.0268,607494.9094,0.6385287676179754,8.411294083290972,96,284048.485,113.87014593652913,0.2544654910771661
28943,Moxee,WA,"Yakima, WA",Yakima County,8310,259569.2706,496243.5382,381243.2573198347,86271.4499634191,363381.2377,495454.4066,0.5415394270794203,7.14045239806374,108,259569.2706,90.87560151274701,0.2262897724930615
29059,Penn Valley,CA,"Truckee-Grass Valley, CA",Nevada County,6157,522350.702,823152.3228,667706.4778008264,95080.07949941872,624789.2206,760165.5753,0.30680067249663595,4.201890581386389,83,527819.478,44.01999300601786,0.1423980186811676
29124,Mendocino,CA,"Ukiah, CA",Mendocino County,13819,1184129.862,1872305.85,1459305.8769917355,179324.2297080587,1426149.375,1366530.69,0.12411057898617027,2.0211712810515285,71,1184271.586,15.38997525184228,0.12288323684252131
29143,Lincoln,CA,"Sacramento-Roseville-Folsom, CA",Placer County,1071,556997.7163,917779.4633,724562.6546694215,113428.19444913714,681349.2137,841628.178,0.3433479753743193,4.75226633566166,88,559353.4517,50.464464899984804,0.15654711668915403
29158,Planada,CA,"Merced, CA",Merced County,13434,150344.2476,339974.779,256287.3843140496,64989.046528496394,239939.1814,337268.7998,0.6781582066397268,8.702900734372337,100,150344.2476,124.33103040784378,0.25357879671853095
29189,Littlerock,CA,"Los Angeles-Long Beach-Anaheim, CA",Los Angeles County,4840,260786.782,566968.3493,426757.692453719,103478.16159784007,402686.6138,549898.4546,0.626865280222978,8.401075683964255,91,260786.782,110.86132141467202,0.2424752111739897
29203,Milton,WA,"Seattle-Tacoma-Bellevue, WA",Pierce County,6574,340120.1256,734041.4185,551967.9411545454,133765.25589728443,525499.9001,718102.1665,0.6274407099376771,8.290254595642176,103,340120.1256,111.13192441441342,0.24234243680437142
29284,Whitethorn,CA,"Eureka-Arcata, CA",Humboldt County,23380,507332.965,697653.6005,587149.2233107438,45432.13336806739,585108.3735,512006.5194,0.002934278290169697,0.5314358005986888,60,512354.2999,-0.06787890724599606,0.07737749036248459
29304,Willow Creek,CA,"Eureka-Arcata, CA",Humboldt County,26734,438148.2516,651895.2682,537828.1838504132,49352.80635962096,542633.4977,438148.2516,-0.03871290864965433,0.2447233585547409,62,461281.0441,-5.01490204201521,0.09176314637566022
29311,San Simeon,CA,"San Luis Obispo-Paso Robles, CA",San Luis Obispo County,22487,802704.0464,1197956.541,999490.1183181817,116034.41340109313,987342.3162,1105144.2,0.23291021108555707,3.57142500339196,71,839189.2096,31.691898246256955,0.11609360740488509
29320,Strathmore,CA,"Visalia, CA",Tulare County,7862,277643.7626,533890.0565,411460.0017950414,87590.60709775749,380770.9123,532167.3239,0.5414005521687727,7.256483064878603,96,279123.8018,90.65637558251399,0.21287757428579554
29343,Santa Ysabel,CA,"San Diego-Chula Vista-Carlsbad, CA",San Diego County,21891,742628.1339,1191705.669,950765.0202264463,154161.4537742273,866651.0413,1124368.942,0.34636063312775883,4.789877273200411,84,745089.7807,50.90382006631111,0.1621446419405609
29352,Vashon,WA,"Seattle-Tacoma-Bellevue, WA",King County,6349,695691.0123,1448943.381,1071865.9968413224,238881.39109065448,981250.0165,1352701.651,0.5604182156651646,7.5273754639731045,93,695691.0123,94.44000671043314,0.2228649773335595
29400,Tahoe Vista,CA,"Sacramento-Roseville-Folsom, CA",Placer County,18358,746700.2159,1531310.629,1070997.6756471074,258867.66194503277,908497.5314,1318993.276,0.4704866240778924,6.963443981019533,82,757511.4663,74.12188919627977,0.24170702498361854
29443,Woodburn,OR,"Salem, OR",Marion County,1941,276450.4394,580792.2033,451185.6611512397,97714.06479104118,430535.5274,558153.7227,0.5890548308614171,7.524443475703236,97,276450.4394,101.90010329207678,0.21657174242132426
29446,Woodland,WA,"Longview, WA",Cowlitz County,4058,422761.6853,893266.0389,675953.7618603306,162514.79129376102,626406.4359,878262.3022,0.6134386690757883,8.020460415377114,106,422761.6853,107.74406308290871,0.24042294083325297
29478,Sheridan,CA,"Sacramento-Roseville-Folsom, CA",Placer County,19728,468826.5931,877984.5119,681465.5367347108,123140.74908593779,658892.0086,806463.916,0.4560167596824352,5.966099948725904,91,468826.5931,72.0175279877911,0.18069989228798744
29491,Warrenton,OR,"Astoria, OR",Clatsop County,8314,400988.073,820614.1698,612229.3727256199,153853.18861799722,544630.8359,808963.9929,0.5888917041605455,7.7967323128728285,102,400988.073,101.74265704406625,0.2512999138428285
29536,Sloughhouse,CA,"Sacramento-Roseville-Folsom, CA",Sacramento County,7281,591578.0053,986690.8326,786889.4847975207,125081.81133584549,732876.2714,930834.0293,0.38028879406654764,5.079378884756496,85,592039.1698,57.2250750933338,0.15895727894753994
29592,Spanaway,WA,"Seattle-Tacoma-Bellevue, WA",Pierce County,1086,278680.78,619025.1044,455097.4046884297,118653.63665972036,431548.6552,593192.898,0.6342548083924839,8.662915836676959,105,278680.78,112.85748446663597,0.2607214091694357
29634,Westfir,OR,"Eugene-Springfield, OR",Lane County,23919,204708.5673,427094.2463,328626.7802512397,76592.93559898867,312102.339,426289.4276,0.6151245023518872,7.977199669806922,104,204708.5673,108.24210399327043,0.23306967113402113
29712,Hermosa Beach,CA,"Los Angeles-Long Beach-Anaheim, CA",Los Angeles County,3368,2231745.622,3840240.84,3140945.0789173557,530838.655393753,3086456.362,3565940.103,0.3176872322194089,5.231047771383295,69,2462853.537,44.788963266718206,0.16900602909514303
29737,Norco,CA,"Riverside-San Bernardino-Ontario, CA",Riverside County,2348,599720.5607,1143072.415,831291.7511181817,188523.1189103012,741438.71,1141142.401,0.5396503211731218,7.181362602577658,100,599720.5607,90.27901922656227,0.22678333889000607
29842,Mecca,CA,"Riverside-San Bernardino-Ontario, CA",Riverside County,7238,194583.5161,377990.5854,287194.0135966942,61486.107212504954,267958.2219,375606.7173,0.5521233358297178,7.027679725230144,97,194583.5161,93.03110809600588,0.214092579585763
29853,Vida,OR,"Eugene-Springfield, OR",Lane County,18666,509615.6343,848051.4052,692150.7792975206,120891.99292122167,652419.9394,833004.7324,0.4121938667794299,5.496077376614382,96,509615.6343,63.457452309955556,0.17466135492026413
29900,Cutler,CA,"Visalia, CA",Tulare County,7209,194333.7319,382920.432,290843.9477619835,61746.59019991628,276129.9575,381913.7434,0.5659983699028472,7.412766742131888,100,194333.7319,96.52467930607365,0.21230144438297727
29947,Ephrata,WA,"Moses Lake, WA",Grant County,4370,243157.7699,486963.0793,360409.3989140496,92551.46049906292,329714.657,482661.8472,0.5748564604522931,7.782494467779681,103,243157.7699,98.49739837575308,0.25679535766250805
30025,Marina,CA,"Salinas, CA",Monterey County,2725,622952.109,1128910.957,889552.1233404959,176308.33707713135,825997.3928,1109130.554,0.4838673769705884,6.396740541896449,101,622952.109,78.04427306305178,0.19819899525960147
30035,Nice,CA,"Clearlake, CA",Lake County,14295,218567.8628,409861.1927,324782.87634049583,47056.05264730329,319985.0134,339819.866,0.3719464227258088,4.491397472797489,76,218567.8628,55.475677735363746,0.1448846477915008
30105,Kerman,CA,"Fresno, CA",Fresno County,2946,369855.1912,648232.7512,511875.2276719008,86140.25145033482,482247.1147,611492.8763,0.42197761792714916,5.314276714177154,98,369855.1912,65.33305219158973,0.1682836886678731
30116,Aberdeen,WA,"Aberdeen, WA",Grays Harbor County,2702,187536.847,425014.6698,313330.66125206614,82830.89788546939,295873.948,401495.1767,0.639221165567938,8.652612240256634,100,187536.847,114.08868876845307,0.26435618382981724
30145,Alamo,CA,"San Francisco-Oakland-Berkeley, CA",Contra Costa County,4158,2179340.774,3712297.654,2783468.2569504133,513936.8342348268,2436016.524,3300453.1,0.35124536220469693,5.100767370649969,76,2179340.774,51.442727056507586,0.18463901391780177
30149,Albany,OR,"Albany-Lebanon, OR",Linn County,854,293759.3871,591307.638,454572.8648892562,102450.62642272278,427184.8038,588344.8181,0.5819313684515386,7.581094257906114,103,293759.3871,100.28119744807297,0.22537778722819712
30163,Algona,WA,"Seattle-Tacoma-Bellevue, WA",King County,9237,275247.638,654825.0266,477632.2884983471,123660.60402762122,446475.858,624447.0049,0.6886453752182989,9.096934069684526,103,275247.638,126.86734368997567,0.25890335935286996
30173,Allyn,WA,"Shelton, WA",Mason County,13858,337520.8096,756692.6709,554221.661031405,141344.21580211807,517196.532,709794.5543,0.6245536926789037,8.379595728395108,100,337585.9877,110.25592890744262,0.2550319226770691
30187,Altadena,CA,"Los Angeles-Long Beach-Anaheim, CA",Los Angeles County,1717,931863.0647,1823178.859,1368136.1560280994,299899.5390565315,1259653.292,1719692.067,0.4631937771226086,7.218458146750883,80,995894.0162,72.67822067671142,0.21920299214018582
30267,Artesia,CA,"Los Angeles-Long Beach-Anaheim, CA",Los Angeles County,3727,593050.1131,1082966.181,824050.0052661157,159995.450614012,768343.6788,1071801.65,0.4698244118789447,6.5192865530332496,81,613346.4414,74.74653436539852,0.19415745354232922
30273,Ashford,WA,"Seattle-Tacoma-Bellevue, WA",Pierce County,18583,223872.6097,544206.0399,384316.86146611575,108878.9834956127,340716.4481,540397.3239,0.7408574975864486,9.675291600486418,100,223872.6097,141.3860831944373,0.28330524734265994
30275,Ashland,OR,"Medford, OR",Jackson County,2356,593278.4494,852582.7334,722266.0158512397,75307.69550896733,691417.3573,792055.512,0.2428433952263026,3.149662494830052,78,593278.4494,33.504851356227256,0.10426587137733745
30279,Athena,OR,"Hermiston-Pendleton, OR",Umatilla County,23811,216501.2558,418139.0458,310261.12075619836,71122.75669948502,284430.7853,418139.0458,0.5475349168134914,7.201339831776388,96,217700.6454,92.07065051723544,0.22923515690956628
30280,Atherton,CA,"San Francisco-Oakland-Berkeley, CA",San Mateo County,6747,10784632.18,15049878.4,12537411.386776859,1115869.7221653168,12278769.03,13249697.85,0.1751367379792601,2.1157376999743365,73,10784632.18,22.8572067072574,0.08900319912467886
30295,Aumsville,OR,"Salem, OR",Marion County,7364,364085.0311,746561.8859,572336.3800719009,127521.32860661922,547227.5371,728260.557,0.5812377029964525,7.629832792954713,105,364085.0311,100.02485540252137,0.2228083571947656
30306,Avila Beach,CA,"San Luis Obispo-Paso Robles, CA",San Luis Obispo County,18561,1704108.913,2593073.324,2099514.2211570246,305062.9347640507,1941776.121,2390505.552,0.23179664022057417,4.08593599182715,64,1819380.502,31.39118229376298,0.14530167583048478
30364,Bayside,CA,"Eureka-Arcata, CA",Humboldt County,15048,740432.4474,1110836.816,894966.0339041323,90992.34252265027,887545.6733,805615.7699,0.059362122065195755,1.3687262699979137,65,753437.8812,6.925307314903828,0.10167128033419563
30381,Beaverton,OR,"Portland-Vancouver-Hillsboro, OR-WA",Washington County,162,401909.555,739694.7741,580087.526661157,106101.36704980522,535504.2419,698139.6563,0.46356815038667815,5.950087521480012,93,401909.555,73.70566278276218,0.18290578951162584
30399,Bell,CA,"Los Angeles-Long Beach-Anaheim, CA",Los Angeles County,1841,442883.4514,809878.0699,625864.9764876033,124440.63125034371,604866.7065,780738.3802,0.47238693671935067,6.58850127435267,81,445423.4901,75.28001947645824,0.19882983698610676
30417,Ben Lomond,CA,"Santa Cruz-Watsonville, CA",Santa Cruz County,7863,767451.1336,1286849.172,1025708.1590165289,144153.3567603699,969220.9341,1172471.854,0.3574179358707651,4.429498768393158,80,767451.1336,52.77478951657908,0.14054032376868997
30457,Bieber,CA,"Susanville, CA",Lassen County,26649,323107.0703,473625.3512,397016.10027933883,36016.08238205733,396427.8805,404414.3593,0.19246602618128003,2.5847374476816625,68,323107.0703,25.16419369112146,0.0907169315217105
30459,Big Bear City,CA,"Riverside-San Bernardino-Ontario, CA",San Bernardino County,4916,314446.7266,674590.8695,470332.49299008265,121505.12055582361,402710.9818,575104.5732,0.5059846140642807,7.724239321678922,72,316608.4096,81.64538772882929,0.2583387760079456
30498,Blue River,OR,"Eugene-Springfield, OR",Lane County,16158,378959.2134,659955.1412,523429.7467876033,100933.22942074605,478380.0032,651236.0568,0.4542742861226702,6.0758639184534236,100,378959.2134,71.84858786177753,0.19283051840327028
30526,Bonita,CA,"San Diego-Chula Vista-Carlsbad, CA",San Diego County,3699,758296.9801,1388930.31,1030091.9383421488,221966.9886669586,904659.765,1360731.217,0.49195265369383456,6.721466500129553,84,758296.9801,79.4456858868875,0.21548269664569636
30642,Buellton,CA,"Santa Maria-Santa Barbara, CA",Santa Barbara County,7830,727715.6408,1274579.166,969862.501631405,192239.88210647463,848384.9966,1253551.159,0.45698100262263786,6.048342280529451,90,727715.6408,72.25837795954652,0.19821354241772218
30653,Bunkerville,NV,"Las Vegas-Henderson-Paradise, NV",Clark County,20839,300262.7698,570370.344,432825.4431859504,90308.84373376162,405698.4301,568777.5278,0.5359037459045919,6.998664601196623,104,300262.7698,89.42659064220756,0.20864957260602435
30696,Calipatria,CA,"El Centro, CA",Imperial County,7456,202500.8859,341884.9747,280352.87767768593,42551.356525253825,277957.4376,336346.9932,0.425354409488898,5.2293591011976615,93,202500.8859,66.0965539509277,0.15177784825227997
30748,Capitola,CA,"Santa Cruz-Watsonville, CA",Santa Cruz County,6090,1175912.688,2044842.301,1533882.587983471,271112.9698325278,1392394.525,1802007.922,0.3608022133607494,5.168440619136553,76,1176852.854,53.12092041712463,0.1767494930553637
30762,Carlton,OR,"Portland-Vancouver-Hillsboro, OR-WA",Yamhill County,8598,469777.7767,898807.8186,686621.2724983471,139176.38702881164,632275.3484,830228.2162,0.47876448822718704,6.598338636492486,96,469777.7767,76.72786099675031,0.20269745870587877
30766,Carnation,WA,"Seattle-Tacoma-Bellevue, WA",King County,6177,704900.1332,1577590.152,1123910.0007438017,285348.2073563759,998029.7482,1510472.166,0.6423856469083236,8.588204046685568,96,704900.1332,114.28172514920443,0.2538888408925385
30772,Carson City,NV,"Carson City, NV",Carson City,860,343757.6991,729193.3034,549626.3804595041,128260.91002767549,505447.6688,729193.3034,0.631621331302614,7.952606273758764,107,343757.6991,112.12420996216747,0.2333601780912436
30785,Castro Valley,CA,"San Francisco-Oakland-Berkeley, CA",Alameda County,1021,880093.328,1650374.42,1230389.8479454545,236708.45171200816,1105967.718,1507651.958,0.45508836170091665,6.1654886778307025,84,880093.328,71.30591836505778,0.19238491938735655
30788,Cathedral City,CA,"Riverside-San Bernardino-Ontario, CA",Riverside County,1204,326463.6821,663421.936,484319.68495289254,124055.2604825781,426189.1045,619036.6056,0.538100333879038,7.445262571629337,86,326463.6821,89.6188273127365,0.25614333742111756
30879,Chiloquin,OR,"Klamath Falls, OR",Klamath County,11327,240984.064,478384.7316,360247.6482876033,89251.4534261061,319651.3331,477523.9683,0.5744222621356189,7.621429705283849,102,240984.064,98.15582838705882,0.2477502735974901
30903,Clackamas,OR,"Portland-Vancouver-Hillsboro, OR-WA",Clackamas County,3076,414600.5257,755756.7094,598890.6752768594,111494.81327441231,557736.4129,738260.0994,0.4837781983301931,6.19825532243755,96,414600.5257,78.06540359627913,0.1861688917144514
30908,Claremont,CA,"Los Angeles-Long Beach-Anaheim, CA",Los Angeles County,1631,860373.7324,1399957.115,1112572.4534330578,182673.36438641447,1028423.55,1364452.652,0.3473957205090026,5.141761031205298,79,903780.7566,50.97164240728424,0.16419008382127423
30927,Clayton,WA,"Spokane-Spokane Valley, WA",Stevens County,15711,295111.8985,632540.7055,475937.71077851235,119243.52687155637,461092.1396,617473.2776,0.6198856141215134,8.119711967727806,102,295111.8985,109.23360960317228,0.2505443972416148
31062,Cosmopolis,WA,"Aberdeen, WA",Grays Harbor County,15067,223093.8781,460899.3726,348145.5572239669,84797.32684692129,335469.5803,439686.4419,0.5696657874861403,7.766515055516186,97,223093.8781,97.08583921918024,0.24356860252095644
31134,Cudahy,CA,"Los Angeles-Long Beach-Anaheim, CA",Los Angeles County,2808,466254.094,815169.2868,652065.4366231406,121767.80724287662,638465.895,785770.0955,0.43328599962437014,6.071364448249403,81,469476.1834,67.37166299030625,0.18674169861460083
31163,Daly City,CA,"San Francisco-Oakland-Berkeley, CA",San Mateo County,428,930696.8921,1530320.556,1266716.0846636365,144679.03324281974,1294172.677,1323864.006,0.2973363625638635,3.694001658809366,81,930696.8921,42.244378082413924,0.11421583336193113
31233,Discovery Bay,CA,"San Francisco-Oakland-Berkeley, CA",Contra Costa County,5346,700636.8586,1176081.237,915045.6635950414,148096.53774855426,823431.2547,1057884.844,0.3476557436198736,4.704530716734677,82,700636.8586,50.98903676204625,0.16184606259616702
31244,Donald,OR,"Salem, OR",Marion County,16924,269653.4052,554771.681,428568.415377686,92849.8433911857,413485.0104,536506.7109,0.5769121994503705,7.5778533638146754,100,269653.4052,98.96159312435783,0.21665115780723038
31355,Echo,OR,"Hermiston-Pendleton, OR",Umatilla County,13828,397022.0982,685214.5021,533333.4537,104070.98513143275,484612.9724,664498.2086,0.4323735860200587,5.945707554548753,89,397102.8707,67.33654114074878,0.19513305308234552
31396,Elko,NV,"Elko, NV",Elko County,2761,343284.8439,463296.2615,388352.296314876,45102.21850675591,360218.0986,463296.2615,0.2486231790132045,3.2462113580103003,93,344206.5251,34.59833783377629,0.11613738076158313
31399,Elkton,OR,"Roseburg, OR",Douglas County,17930,334993.1381,654837.9726,493985.85461652896,106017.54855212285,462838.4903,618443.4543,0.5148622459912241,6.727956200946234,97,334993.1381,84.61376785436909,0.21461656758253148
31552,Fernley,NV,"Fallon, NV",Churchill County,2626,220264.5616,496681.1088,370003.35076115705,85932.60300328521,353354.2259,465988.7546,0.6294964503776908,8.04227861045068,103,220264.5616,111.5586598293713,0.23224817512194923
31557,Fircrest,WA,"Seattle-Tacoma-Bellevue, WA",Pierce County,7353,359146.9019,774493.6561,581189.2660181818,144502.58659037048,553324.5559,755977.5728,0.6249474849186865,8.405285069915548,103,359146.9019,110.49257805110972,0.24863257984852372
31623,Foster City,CA,"San Francisco-Oakland-Berkeley, CA",San Mateo County,1843,1688494.448,2703960.789,2182686.3579421486,275636.10887748987,2169551.806,2525926.262,0.3416942241264321,4.207437569038456,76,1688494.448,49.596361716908646,0.1262829668012226
31701,Gardnerville,NV,"Gardnerville Ranchos, NV",Douglas County,2629,517609.633,1072767.005,789680.9671363636,189865.30789942914,741325.7259,1009431.98,0.5614711978406857,7.650782862039282,103,517609.633,95.0180050068736,0.24043292899402352
31729,Gerber,CA,"Red Bluff, CA",Tehama County,10926,298150.4055,528503.2446,406546.20567768597,66902.13996761342,396948.3527,442016.7779,0.33343169858821703,4.488303887477292,81,298150.4055,48.2529521161426,0.16456220482021697
31783,Gold Bar,WA,"Seattle-Tacoma-Bellevue, WA",Snohomish County,10381,274143.9656,615624.5937,452541.71470330574,112620.35027029396,425364.257,609428.8614,0.6708075430295838,8.785961050678385,107,274143.9656,122.30248988562819,0.24886181010767114
31784,Gold Beach,OR,"Brookings, OR",Curry County,8645,422252.8713,785530.1635,597478.8428561983,120316.44698704661,552680.0569,722178.9861,0.45081120562161325,6.048202623430033,95,422252.8713,71.02997639225289,0.20137356899850004
31785,Gold Hill,OR,"Medford, OR",Jackson County,8039,422763.6859,744145.5551,579774.2924479338,98104.43118179438,543009.6416,684460.5065,0.4051505220748447,5.211869492482874,93,422763.6859,61.90144265652502,0.16921141978816623
31829,Grants Pass,OR,"Grants Pass, OR",Josephine County,746,339013.0274,613502.3302,482740.1736454546,87857.77104134002,455226.3733,572599.3927,0.4398360081699165,5.76890329310097,92,339013.0274,68.90188471264628,0.18199805161827404
31854,Greenfield,CA,"Salinas, CA",Monterey County,3134,298287.7233,632177.8823,482566.3749603306,113076.53952664677,445593.915,627474.0433,0.6238119567904851,7.908213696019027,105,298287.7233,110.35865517969172,0.23432328772584338
31888,Guadalupe,CA,"Santa Maria-Santa Barbara, CA",Santa Barbara County,6471,335285.2551,673307.6826,504782.8337578512,109731.7764853648,448849.989,672442.2792,0.5838612680047589,7.391179844596145,100,335285.2551,100.55826165079694,0.2173841286726563
31936,Hansville,WA,"Bremerton-Silverdale-Port Orchard, WA",Kitsap County,14740,569990.5167,1235988.554,886714.4204330578,212189.08931365362,811551.1162,1106052.038,0.558417027936859,7.639612605838741,95,569990.5167,94.04744563182658,0.23929811495568518
31937,Happy Valley,OR,"Portland-Vancouver-Hillsboro, OR-WA",Clackamas County,1892,559925.7727,961811.6016,763956.4687727272,128341.85007347757,702707.3475,915242.8073,0.41233030568491463,5.283668373576341,91,559925.7727,63.457881727186304,0.16799628685604934
31994,Heber,CA,"El Centro, CA",Imperial County,6843,273728.4239,445693.478,364417.46102066117,55040.27765069687,349176.6727,440414.9688,0.39871867344557343,4.8574775038065585,97,273728.4239,60.89486160227732,0.15103633480278347
32014,Hermiston,OR,"Hermiston-Pendleton, OR",Umatilla County,2025,252982.4387,474960.5282,365555.71714876033,81141.2904112675,344497.1598,474707.6099,0.5272612570700405,6.99832983211601,104,252982.4387,87.64449119052625,0.22196695771618208
32127,Hydesville,CA,"Eureka-Arcata, CA",Humboldt County,19228,634418.9938,930764.788,774593.9336330579,69787.81485704258,773202.6569,728429.2235,0.10957393639740548,1.8446288083776863,68,640972.7576,13.644334312656902,0.09009599975785842
32133,Idyllwild,CA,"Riverside-San Bernardino-Ontario, CA",Riverside County,16523,359515.2767,747595.5935,539294.1843595041,131169.7849399095,479856.4894,653419.8395,0.5044493840766302,7.424200113770928,78,359515.2767,81.75022922468207,0.24322492017171304
32271,Keene,CA,"Bakersfield, CA",Kern County,27574,593026.8875,904879.5213,732848.4566231405,121534.8333751004,668157.5675,886527.0642,0.3153617214568921,4.578433104554133,85,609207.7536,45.521303522687134,0.16583897022191368
32380,Lake Forest,CA,"Los Angeles-Long Beach-Anaheim, CA",Orange County,657,821143.9866,1648871.872,1144676.0841264464,266951.9690273192,989326.757,1623617.769,0.5508551290537006,7.76961276419882,86,843948.9202,92.38341683229278,0.23321179915368132
32463,Lebanon,OR,"Albany-Lebanon, OR",Linn County,2013,277888.351,604103.3391,450109.42278429755,112455.32271117123,420414.7733,598352.0822,0.6431829853966333,8.524202614174659,108,277888.351,115.32103812440842,0.24983996561445532
32510,Linden,CA,"Stockton, CA",San Joaquin County,8592,743708.2118,1246659.544,963915.4681140496,130176.70452605409,958361.8398,1045339.332,0.2819581374817944,3.7489046596276894,71,751154.8169,39.164298554869596,0.13504991758328302
32540,Livermore,CA,"San Francisco-Oakland-Berkeley, CA",Alameda County,470,939213.1893,1717393.144,1275786.1961305784,260692.4495554037,1127327.128,1632680.007,0.46772454867501984,6.5014631109247185,83,939213.1893,73.83486790862085,0.20433866610728046
32578,Los Altos Hills,CA,"San Jose-Sunnyvale-Santa Clara, CA",Santa Clara County,6377,5761171.421,9005056.828,7274715.171553719,925299.090774077,6998761.42,8273601.629,0.21463080125866082,2.9383151859260397,72,6454161.016,28.19019557289582,0.12719385830970664
32596,Lucerne,CA,"Clearlake, CA",Lake County,13074,268664.9297,463288.9461,372167.7707801653,53534.962873597666,371037.7051,406804.2059,0.34879411653027964,4.48095676007133,87,268664.9297,51.41693646217645,0.14384631630346112
32600,Lummi Island,WA,"Bellingham, WA",Whatcom County,27601,559473.3538,1074843.49,812785.5680900827,187052.87114470467,740036.0009,1051781.144,0.5312126055847142,7.211798683522822,92,559473.3538,87.99485924686053,0.23013803208175715
32615,Lynnwood,WA,"Seattle-Tacoma-Bellevue, WA",Snohomish County,407,445610.0949,1069207.224,747676.0434570248,200799.16160352062,671356.1997,1022086.236,0.7002779837461371,9.526335700027538,96,445610.0949,129.36783697177412,0.2685643914376163
32616,Lynwood,CA,"Los Angeles-Long Beach-Anaheim, CA",Los Angeles County,832,423700.6428,783392.2917,605176.1282537191,121481.16504760472,581027.9218,753860.5635,0.48241619579299283,6.723807860353412,86,424633.1987,77.53217737282868,0.2007368753922064
32629,Madera,CA,"Madera, CA",Madera County,410,301352.7615,569804.0133,436676.325253719,96083.9587444414,401834.7894,567870.8954,0.5312476405478149,7.079656761451945,101,301352.7615,88.44058125546661,0.22003473325148648
32753,Maywood,CA,"Los Angeles-Long Beach-Anaheim, CA",Los Angeles County,2541,418513.2361,761701.832,595139.3634082645,113935.38277837985,574486.1731,732927.5341,0.453389878946676,6.406604819129414,82,428056.6366,71.22209339435808,0.1914431976501954
32789,McMinnville,OR,"Portland-Vancouver-Hillsboro, OR-WA",Yamhill County,1600,368083.9952,695839.4155,546897.3453504132,108627.32150458089,514941.1232,674260.893,0.5073595771116299,6.539951294952958,102,368083.9952,83.18125802607568,0.19862470064648086
32879,Milton Freewater,OR,"Hermiston-Pendleton, OR",Umatilla County,4582,258265.2392,486165.7255,366082.37860247935,83870.26570511897,339991.471,482940.9438,0.5249249067537678,7.127697036199706,104,258265.2392,86.99417130077333,0.2291021655434331
32883,Minden,NV,"Gardnerville Ranchos, NV",Douglas County,4913,467479.1535,992976.6121,716373.4309851239,172265.7010685779,671613.2484,907355.2466,0.5578774587788232,7.5538841612204015,103,467479.1535,94.0953387561056,0.24046913748837115
32910,Mojave,CA,"Bakersfield, CA",Kern County,7011,153415.5643,330105.5395,249213.34742314048,64087.753074666565,235001.1423,328606.6184,0.6386347273603762,8.595601486811306,100,153415.5643,114.19379441672464,0.25716019521960704
32923,Monrovia,CA,"Los Angeles-Long Beach-Anaheim, CA",Los Angeles County,1422,800378.7156,1322782.434,1067172.7552123966,178391.6907981676,1001658.965,1294845.494,0.3526658880902681,5.267355905003804,77,853087.0232,51.78351783419789,0.1671628983469155
32927,Montclair,CA,"Riverside-San Bernardino-Ontario, CA",San Bernardino County,1634,433462.7972,759204.9396,590066.9636661157,113004.05548128115,534236.056,741963.4653,0.42772042732445725,6.161600654498826,82,446435.6724,66.1971726657209,0.19151056141015127
32992,Mount Vernon,WA,"Mount Vernon-Anacortes, WA",Skagit County,1212,388619.6786,820403.0781,619285.8333297521,149702.1130218144,582008.6969,814591.4351,0.6208663006308319,8.1485493373439,106,388619.6786,109.61147362237564,0.24173346936890497
32999,Mountain View,CA,"San Jose-Sunnyvale-Santa Clara, CA",Santa Clara County,621,2004195.16,3308734.788,2663421.725801653,397312.35004739277,2677065.882,3128704.766,0.36780194130577004,4.956025708507109,75,2037426.664,53.56158929703688,0.14917365364953883
33040,Needles,CA,"Riverside-San Bernardino-Ontario, CA",San Bernardino County,9517,199023.3945,406321.4944,297317.1759793388,67863.22504302485,266754.7928,358611.0458,0.4357045064065062,7.160046938951394,68,215021.9442,66.77881280174938,0.22825194951986497
33121,Nine Mile Falls,WA,"Spokane-Spokane Valley, WA",Spokane County,6964,353207.5584,800387.5052,574857.7895355372,161037.7398036786,529485.2339,759630.934,0.6434133338051711,8.808972391392533,100,353207.5584,115.0664434931866,0.28013491812260355
33200,Nyssa,OR,"Ontario, OR-ID",Malheur County,8502,240592.7581,559208.625,395675.91393884295,117544.82489969436,348968.7192,555808.9901,0.7033369890141682,9.58561582532585,103,240592.7581,131.0165087633201,0.2970734905988301
33211,Oakridge,OR,"Eugene-Springfield, OR",Lane County,10706,187229.5963,402968.1268,305866.5297024793,74309.35943794558,292272.8422,396320.5805,0.6287598118501354,8.150413732140834,104,187229.5963,111.67624581370738,0.2429470119212695
33215,Ocean Shores,WA,"Aberdeen, WA",Grays Harbor County,10767,234063.7546,531489.1037,378122.47360826447,100383.13475819617,349363.3713,476090.643,0.5970533254814572,8.231886241583142,95,234063.7546,103.4021217055193,0.26547783261936786
33229,Olalla,WA,"Bremerton-Silverdale-Port Orchard, WA",Kitsap County,8477,453508.7624,1005347.907,735102.2228586777,186769.17972663947,672540.6147,965568.6256,0.634880815358104,8.386255804754805,102,453508.7624,112.91068787516774,0.2540723914564268
33252,Orange,CA,"Los Angeles-Long Beach-Anaheim, CA",Orange County,279,797084.8292,1530509.163,1095260.644846281,237857.39811489062,965624.3813,1519213.944,0.519683631465713,7.191554976203193,88,819019.623,85.49176373030562,0.21716967484782923
33275,Otis,OR,"Newport, OR",Lincoln County,10200,371225.8834,770257.5222,568512.6090834711,148545.95023330025,499349.7494,722366.8395,0.5595854920368885,7.779449160754887,94,371225.8834,94.58956710775519,0.2612887521928123
33300,Pacific Grove,CA,"Salinas, CA",Monterey County,4181,1191385.037,2107775.476,1626769.2691818182,302088.662368245,1439624.558,1991321.492,0.432979777500045,5.721840281480101,79,1191385.037,67.14340285944014,0.18569853026556135
33306,Palm Desert,CA,"Riverside-San Bernardino-Ontario, CA",Riverside County,1072,508233.0431,948106.9762,684573.8873917356,164258.88120924422,580681.361,879350.563,0.4333041618940861,6.358444189733097,80,526322.7838,67.07438668171902,0.23994324679119688
33311,Palos Verdes Estates,CA,"Los Angeles-Long Beach-Anaheim, CA",Los Angeles County,4868,2508356.935,4200096.347,3337440.276785124,600767.980339619,3098838.303,4050749.393,0.3323186207169004,5.3504471305092345,70,2741294.628,47.76775001216688,0.18000860854904177
33313,Palouse,WA,"Pullman, WA",Whitman County,18592,339307.9446,513257.7963,419320.9481942149,63685.47073718774,396654.7902,511651.9739,0.34445883814198985,4.33646135698975,88,339307.9446,50.79280695981676,0.15187762741510075
33396,Peshastin,WA,"Wenatchee, WA",Chelan County,11844,448938.1064,865197.3549,653575.6185619835,141198.49137072722,630073.6445,773251.9818,0.45725871812579394,6.229860238022677,85,448938.1064,72.2402199271182,0.2160400225476531
33499,Port Orford,OR,"Brookings, OR",Curry County,15663,341274.9381,655848.4697,505301.10867685947,104356.2202015152,470334.3628,600155.0625,0.474468996487683,6.3893127368878115,92,341274.9381,75.85676400420097,0.2065228403610155
33516,Potter Valley,CA,"Ukiah, CA",Mendocino County,15213,688960.4894,1058491.265,864565.1987677686,99209.30981711028,862397.3361,688960.4894,-0.08563930809744434,-0.4610351264891229,58,767956.2867,-10.286496597280879,0.11475052426180174
33586,Randle,WA,"Centralia, WA",Lewis County,14391,246442.3511,580911.1021,407782.42060165294,117418.44075302176,370689.9612,552802.084,0.6796099009981159,9.251535718044975,102,246442.3511,124.31294034185186,0.2879438514779021
33612,Redondo Beach,CA,"Los Angeles-Long Beach-Anaheim, CA",Los Angeles County,794,1261104.22,2146009.19,1704606.1886198346,291329.5799040182,1612312.041,2027596.447,0.37438030599505256,5.427463047313218,71,1302537.005,55.665170295871945,0.17090726400559328
33645,Rialto,CA,"Riverside-San Bernardino-Ontario, CA",San Bernardino County,442,341890.9633,669556.7236,499015.0857033058,115656.60923542612,453807.5768,656943.4604,0.5467302655633953,7.602249542193559,92,342651.9967,91.72322552527532,0.23176976518138948
33674,Rio Oso,CA,"Yuba City, CA",Sutter County,20467,677675.5042,1173656.193,880373.9946289256,131859.8217248235,869161.4305,900880.2495,0.23030867497993562,3.814730749454286,75,688365.9794,30.872279638984164,0.14977705217247125
33679,Riverdale,CA,"Fresno, CA",Fresno County,6364,389461.1937,671235.1866,533099.0420173553,80958.47186749447,512713.4452,620535.2759,0.39157039137759575,4.975687434800652,93,389461.1937,59.331734698578266,0.15186384796553212
33727,Rolling Hills Estates,CA,"Los Angeles-Long Beach-Anaheim, CA",Los Angeles County,5599,1697438.913,3062276.425,2339773.1271157023,493602.5272070849,2088857.565,2942147.856,0.3969471907998409,6.340728619839257,70,1845467.509,59.42561121513628,0.21096170457157154
33836,San Dimas,CA,"Los Angeles-Long Beach-Anaheim, CA",Los Angeles County,1846,694321.7419,1195925.539,926798.7907462809,171948.40928054042,842334.8512,1181365.802,0.41804634089832415,5.922867549143048,79,719385.2897,64.218787750394,0.18552938458420234
33837,San Gabriel,CA,"Los Angeles-Long Beach-Anaheim, CA",Los Angeles County,892,874076.2177,1457231.095,1155363.8714884298,189858.90061137517,1085236.657,1445853.435,0.35523265051229874,5.323294739178019,77,950833.2358,52.06172655329051,0.16432823052254883
33839,San Jose,CA,"San Jose-Sunnyvale-Santa Clara, CA",Santa Clara County,11,1095972.583,2178854.588,1608442.2878429752,341768.97940560937,1542545.4,2103295.36,0.5534966769268197,7.338932285349099,80,1095972.583,91.91131170842434,0.2124844528080293
33840,San Juan Capistrano,CA,"Los Angeles-Long Beach-Anaheim, CA",Orange County,1638,1211035.279,2553645.191,1741513.7372561984,470581.7059687786,1441457.474,2539856.991,0.5968366300198807,8.499087611751792,82,1251353.752,102.9687438057084,0.27021417971137723
33846,San Martin,CA,"San Jose-Sunnyvale-Santa Clara, CA",Santa Clara County,7681,1326189.015,2343172.17,1804911.491090909,336318.6688330274,1692850.428,2183147.936,0.40255865491593973,5.591261107753503,80,1358332.033,60.722701295523386,0.18633526934318123
33847,San Miguel,CA,"Salinas, CA",Monterey County,7718,624293.5848,1087983.991,861699.5078950414,161571.83258494188,790180.4133,1067947.825,0.45074568404977516,6.142160906979886,95,624293.5848,71.0650006666543,0.18750368441039195
33874,Saratoga,CA,"San Jose-Sunnyvale-Santa Clara, CA",Santa Clara County,1924,3084466.433,5349062.087,4155700.2093223142,747650.4656469515,3928288.511,5149653.086,0.38988530370066304,5.338163470435089,73,3261824.358,57.87646791495325,0.17990962484968898
33906,Seal Rock,OR,"Newport, OR",Lincoln County,15087,398021.9897,831871.7667,602071.9365909091,162803.23901696576,524335.5186,803298.3905,0.5895691913776437,8.192968790850198,101,398021.9897,101.82261565635302,0.27040496180373536
33910,Sebastopol,CA,"Santa Rosa-Petaluma, CA",Sonoma County,2184,1148978.314,1730758.656,1440778.3341157024,167416.60989221226,1375839.973,1555522.61,0.2557539184157409,3.343153150808739,68,1148978.314,35.3831130706615,0.11619872809578756
33935,Selma,CA,"Fresno, CA",Fresno County,2092,280696.3184,501518.9719,393587.4574429752,74390.36841068536,365884.6716,500811.9269,0.4851421192026824,6.248619843262033,103,280696.3184,78.41770414185811,0.18900594265370713
33990,Siletz,OR,"Newport, OR",Lincoln County,13482,333100.1442,699188.7237,506299.7397157025,135606.15887992934,444308.4873,671776.6527,0.588849812990628,8.215072211211172,101,333100.1442,101.67408042208828,0.2678377021407811
33997,Silverlake,WA,"Longview, WA",Cowlitz County,20014,316640.4817,658763.2173,502505.46449752065,122090.10206042283,469589.6029,648387.617,0.6012311635943964,8.008269606949211,103,316640.4817,104.77091669356184,0.24296273510678454
34007,Skykomish,WA,"Seattle-Tacoma-Bellevue, WA",King County,25686,301330.372,643218.548,486150.45915206615,106897.8523956051,465925.1846,622935.613,0.6109405799362347,8.052366359523246,92,301330.372,106.72845185350252,0.21988635489937455
34030,Solvang,CA,"Santa Maria-Santa Barbara, CA",Santa Barbara County,6283,1307278.939,2296923.954,1738990.0658801654,367089.60391123826,1475557.907,2207911.348,0.433826663429734,6.104666244649375,77,1320521.319,67.19997748101486,0.21109356005748142
34037,Somis,CA,"Oxnard-Thousand Oaks-Ventura, CA",Ventura County,10859,1593185.57,2528992.922,2039551.3942479338,324009.68556460645,1885000.993,2429324.473,0.35440382862488806,4.733232512689586,86,1593185.57,52.48220412892643,0.1588632120173084
34096,Spring Creek,NV,"Elko, NV",Elko County,3910,351314.2869,511159.9537,420976.43159008265,60828.418161176975,395983.1036,511159.9537,0.3140981825781841,4.091682822118464,95,351314.2869,45.4993357117581,0.14449364286599167
34100,Springdale,WA,"Spokane-Spokane Valley, WA",Stevens County,13954,236209.3869,514434.0963,382821.661946281,97427.1464204631,360486.2885,498433.0599,0.6274423718802734,8.263536521689609,101,236209.3869,111.01323128661824,0.25449747520853316
34140,Stevenson,WA,"Portland-Vancouver-Hillsboro, OR-WA",Skamania County,25654,395725.2405,760755.535,589708.1204289256,127974.61272351161,546569.0374,755254.9913,0.5420925435808421,7.065811074844983,104,395725.2405,90.853378557742,0.21701348224682573
34252,Terra Bella,CA,"Visalia, CA",Tulare County,9461,318979.8354,571280.2523,446296.8073520661,86223.25884552409,408545.2199,570106.388,0.4772135533302321,6.301622378970821,83,323142.6808,76.42559212190582,0.1931971222404599
34259,The Dalles,OR,"The Dalles, OR",Wasco County,2963,279550.0933,573384.0803,437140.38535950414,101780.81145403799,415528.1064,557939.4297,0.5794002016454907,7.64959570095246,102,279550.0933,99.58477677961125,0.23283323816062768
34274,Thornton,CA,"Stockton, CA",San Joaquin County,28319,319971.9161,604677.7958,469051.5299735537,91584.58730748801,434792.4726,572797.562,0.49048415540895035,6.340840888826125,83,319971.9161,79.01494886850793,0.19525485251620814
34278,Thousand Oaks,CA,"Oxnard-Thousand Oaks-Ventura, CA",Ventura County,325,897309.9283,1430038.237,1141848.6238603306,193303.33409788454,1029654.754,1422659.615,0.38581544763275166,5.215950692645631,90,898424.8089,58.35043744415906,0.1692898078244119
34285,Tiburon,CA,"San Francisco-Oakland-Berkeley, CA",Marin County,5367,3644584.958,5258933.397,4270129.378446281,490464.73547639593,3988914.261,4628933.247,0.1907847987766986,2.7877762525958856,64,3701886.376,25.04255335901753,0.11485945553594801
34295,Tipton,CA,"Visalia, CA",Tulare County,9443,219286.3048,411047.94,324644.33657272725,65652.8187086326,304679.8018,407439.2659,0.5196351837657288,6.990859712519775,96,219286.3048,85.80242221309936,0.20222998313086227
34328,Trail,OR,"Medford, OR",Jackson County,14022,478097.7336,809974.5969,636872.011122314,95759.17301207945,608785.7454,710818.5405,0.3346309799069996,4.582761445221478,80,478097.7336,48.67640872246963,0.15035858279174477
34358,Turner,OR,"Salem, OR",Marion County,9224,412536.7341,854267.4779,648461.8451504132,147394.74344981744,619172.7577,827308.736,0.583564952295342,7.650185555035961,104,412536.7341,100.5418348513561,0.22729902237444466
34514,Vale,OR,"Ontario, OR-ID",Malheur County,8403,301392.9637,617100.4202,450363.6068413223,115515.26541279163,405071.5345,602869.7192,0.5824707580967411,7.989049808914972,100,301436.2758,99.99906036524887,0.25649333928860596
34520,Vallejo,CA,"Vallejo, CA",Solano County,322,395790.6181,741021.445,580270.8055677686,103602.32459478162,550923.1655,676251.4207,0.45002664098398576,5.878239742387948,92,395790.6181,70.8609021472912,0.1785413355293852
34543,Ventura,CA,"Oxnard-Thousand Oaks-Ventura, CA",Ventura County,381,755067.9766,1265676.642,1001067.3265157024,178331.62619779215,906267.245,1246880.358,0.4210007548248404,5.594837560522853,88,755067.9766,65.1348483370444,0.17814149106083615
34636,Walnut,CA,"Los Angeles-Long Beach-Anaheim, CA",Los Angeles County,2222,1029729.892,1616116.044,1274197.7553636362,193447.2512811622,1179170.84,1593517.281,0.29940598651048134,4.646839293500314,76,1120353.967,42.23337694487764,0.15181886050800283
34637,Walnut Creek,CA,"San Francisco-Oakland-Berkeley, CA",Contra Costa County,563,1066613.184,1837453.053,1409991.7935289256,248830.50927647256,1273008.71,1679103.872,0.38311816427894535,5.3308311070986285,78,1066613.184,57.42388123340506,0.17647656562149194
34638,Walnut Grove,CA,"Sacramento-Roseville-Folsom, CA",Sacramento County,14967,668211.6195,1072600.464,858174.4318214876,114420.72526048329,819166.1697,964799.4199,0.30621484450568726,3.9511480146600415,84,670994.3593,43.78651720805903,0.13333038251631857
34749,West Linn,OR,"Portland-Vancouver-Hillsboro, OR-WA",Clackamas County,2027,675609.1885,1184631.762,927060.4831280991,173312.21440637807,835809.6522,1146511.345,0.44397953515734306,5.788972691152861,92,675609.1885,69.70037775026499,0.1869481199560851
34780,Westminster,CA,"Los Angeles-Long Beach-Anaheim, CA",Orange County,541,663208.9021,1286946.966,936258.1985702479,200173.73997452713,856355.5962,1276696.639,0.530301903277267,7.282767253387568,87,679511.6987,87.88442368873083,0.2138018553858442
34785,Weston,OR,"Hermiston-Pendleton, OR",Umatilla County,20544,277083.8595,484434.2931,370911.7116413223,74289.148186651,341711.4535,467951.4073,0.44002795990602245,5.8550506951775505,89,277083.8595,68.88439772147751,0.2002879549365371
34907,Woodside,CA,"San Francisco-Oakland-Berkeley, CA",San Mateo County,5699,6003984.251,8291571.451,6923812.532347107,639302.6987197769,6651108.777,7469163.452,0.18373182728531734,2.283031568628978,70,6017995.767,24.113803684568122,0.09233391223881958
34934,Yerington,NV,"Fernley, NV",Lyon County,6625,231674.5376,464885.6693,351274.1374578512,76355.88771883634,338664.5545,442137.726,0.5428207370277324,6.971460166282737,105,231674.5376,90.84433299414947,0.21736837295059377
34940,Yuba City,CA,"Yuba City, CA",Sutter County,649,320771.1556,606606.0402,465836.1452619835,94084.48464566378,440618.8178,566878.2557,0.47791581289613355,6.49237982924873,103,320771.1556,76.72357560942739,0.20196905199949913
35001,Angelus Oaks,CA,"Riverside-San Bernardino-Ontario, CA",San Bernardino County,18105,283584.6544,537036.2998,403499.0698024793,83307.47355681576,369151.4383,472932.1022,0.42298477905454857,6.389969909975811,72,286805.5136,64.89644716509385,0.20646261612844957
35059,Coulterville,CA,"Sonora, CA",Mariposa County,13700,343507.9,558970.9066,446129.68399256194,58001.06206242442,423443.2096,466609.2237,0.2588020015207453,3.516410353402586,72,343507.9,35.83653351203857,0.13000942134886376
35064,Cowiche,WA,"Yakima, WA",Yakima County,11972,247789.5,488608.5065,374266.59102231404,86080.80521178804,353057.6908,484554.3366,0.5627382151815451,7.501987945588847,101,247789.5,95.55079476733275,0.2299986354022602
35148,Crescent,OR,"Klamath Falls, OR",Klamath County,28057,173830.0083,419072.5865,290939.0330033058,84044.3031858728,259704.8564,416686.2767,0.7334907631736152,9.583141605067796,109,173830.0083,139.70905873793257,0.288872559719128
35198,Bandon,OR,"Coos Bay, OR",Coos County,8194,369775.4162,751862.8901,557581.867598347,141039.65193753396,496337.0835,723349.3944,0.5635856999692216,7.702162356245975,95,369775.4162,95.61857352051844,0.2529487778091299
35275,Colbert,WA,"Spokane-Spokane Valley, WA",Spokane County,5461,421527.8859,910517.8669,656534.16923719,176943.40272866088,605676.296,861042.0195,0.6001597192942021,8.296115659413577,102,421527.8859,104.26691763502143,0.26951133850999226
35447,Gearhart,OR,"Astoria, OR",Clatsop County,20685,512538.7008,974887.8613,727376.5982876034,176053.12685933226,620529.8078,960518.9834,0.5283516843765244,7.201784998679041,95,512538.7008,87.40418663034939,0.24203848085544427
35514,Hoquiam,WA,"Aberdeen, WA",Grays Harbor County,5905,167430.4625,388911.7193,285878.6220809917,78406.46620544515,274325.3079,370395.0944,0.6669922273414247,9.001123777771518,95,167430.4625,121.22324030491167,0.27426488078997374
35591,Lathrop,CA,"Stockton, CA",San Joaquin County,2529,434505.3828,905605.0309,657006.3327264463,148766.22398074737,589547.1965,824365.535,0.5392373004065977,7.405655147459576,102,434505.3828,89.7250454500008,0.22643042626909995
35623,Diamond Springs,CA,"Sacramento-Roseville-Folsom, CA",El Dorado County,7900,378507.3543,615244.8634,509197.50332892564,70339.581611447,490675.9156,579794.2849,0.35838486207939446,4.718020461794987,84,378790.2621,53.064728138902176,0.13813811173777465
35629,Fawnskin,CA,"Riverside-San Bernardino-Ontario, CA",San Bernardino County,28306,432919.3817,767728.835,580474.3256603306,114101.87560785162,516570.6482,699976.8309,0.3771700732811013,5.717994554825866,74,448115.2207,56.2046541973217,0.1965666189939627
35659,Gustine,CA,"Merced, CA",Merced County,5433,316960.7203,625382.6706,479428.8810842975,101636.1134973093,450183.9269,595795.1671,0.5296784809759602,7.0461910561795875,99,316960.7203,87.97129389915763,0.21199414033515165
35705,Forks,WA,"Port Angeles, WA",Jefferson County,8324,236482.7284,487815.7132,364355.2003016529,90592.25185152554,338621.8417,486194.3797,0.6046211076792513,8.02466846217103,106,236482.7284,105.59403343724276,0.248637186395373
35723,Joshua Tree,CA,"Riverside-San Bernardino-Ontario, CA",San Bernardino County,5878,212580.9859,742341.3094,431700.5883520661,170365.85644516768,349889.41,524966.9831,0.7657814833935466,12.704738189859942,70,214112.2764,145.1830375757006,0.3946389257784117
35808,Moss Landing,CA,"Salinas, CA",Monterey County,9774,767655.4762,1267242.631,1037254.079114876,134811.02953216052,994721.7785,1134996.43,0.3295164680910422,4.166506943445937,88,767655.4762,47.85231984775098,0.129969148588164
35831,Malin,OR,"Klamath Falls, OR",Klamath County,17053,294992.0831,568915.7927,434173.49929256196,97879.11210919818,395002.2272,537171.7422,0.5043888087934285,7.049839918133778,95,294992.0831,82.09700292800841,0.2254377852832599
35859,Manchester,CA,"Ukiah, CA",Mendocino County,24550,644179.3553,1095117.266,846900.2429966943,133413.9868511462,823123.7542,854983.6708,0.23533960209200566,3.834423762080997,69,648190.7369,31.90309921567161,0.15753211544617182
35927,Patterson,CA,"Modesto, CA",Stanislaus County,2214,338549.135,647757.0995,497752.3733099174,103438.76970399944,466217.7293,617833.7906,0.5049861781014949,6.833764465519375,99,338549.135,82.49457072161769,0.20781170568039659
36026,Philomath,OR,"Corvallis, OR",Benton County,6811,409004.0907,748065.0372,588386.5516669422,122290.04652960197,550072.3536,737976.3841,0.4943322828472299,6.506901632733256,102,409004.0907,80.43251910683152,0.20783963566662988
36036,Ripon,CA,"Stockton, CA",San Joaquin County,3407,538491.0011,955611.8764,744725.8785347107,142992.2019432274,678928.3407,940346.7925,0.4686351445982985,6.195533506632457,101,538491.0011,74.62627798405376,0.19200648999142136
36078,Pinon Hills,CA,"Riverside-San Bernardino-Ontario, CA",San Bernardino County,8129,302241.4672,577386.8539,448413.3346661157,98215.96283818061,411145.7988,567099.6321,0.52921724178532,7.238503964890623,92,302241.4672,87.63131259045186,0.21902997802532184
36089,North San Juan,CA,"Yuba City, CA",Sierra County,20672,362131.386,633872.6569,479975.93837355374,77308.01013595803,450916.3321,511722.7495,0.29110557293156586,4.047974045261361,77,362980.1685,40.97815635897473,0.1610664284504009
36187,Prather,CA,"Fresno, CA",Fresno County,15207,478593.5013,750995.834,615351.4584644628,94942.0376987794,566937.39,745992.2397,0.37273442692212194,4.772970957592502,89,478593.5013,55.87178632256117,0.15428912435780373
36188,Los Olivos,CA,"Santa Maria-Santa Barbara, CA",Santa Barbara County,20781,1897621.713,3161816.344,2352741.245661157,402453.92002630583,2061526.847,2582724.846,0.26064554229070946,4.108243379728834,70,1902127.529,35.78084574370301,0.17105745086438945
36288,Windsor,CA,"Santa Rosa-Petaluma, CA",Sonoma County,2345,673173.9857,1047853.868,896549.7049181819,112239.20916500932,873821.9087,1008101.045,0.33872959379144973,4.306597026360924,83,673173.9857,49.753416860238026,0.12519016909971784
36294,Sutter,CA,"Yuba City, CA",Sutter County,13969,337485.8239,640877.3562,492407.17594049586,99474.82133544386,467080.3735,602788.8202,0.4868341558318849,6.506261941578096,97,337485.8239,78.61159714329557,0.20201740794180614
36324,Tahoma,CA,"Sacramento-Roseville-Folsom, CA",El Dorado County,19137,1202560.049,2188772.087,1583959.767,304423.2660104445,1391478.723,1870924.18,0.3600891783263249,5.2191230291945985,81,1225806.147,52.62806313859999,0.19219128689551146
36355,Woodlake,CA,"Visalia, CA",Tulare County,5436,264846.197,485660.0004,374879.04461239674,76970.01994176942,343360.8009,485660.0004,0.5056921966268676,6.695390393239108,96,265844.8071,82.68553209591735,0.20531961188001846
36363,Thermal,CA,"Riverside-San Bernardino-Ontario, CA",Riverside County,5041,273139.4497,473960.2485,365407.3049181818,74728.14046233759,321542.8852,468769.0118,0.4540089562430255,5.989956016413045,85,273139.4497,71.62259509377637,0.20450642189287907
36395,Three Rivers,CA,"Visalia, CA",Tulare County,15615,465791.8021,807794.4951,631187.1302090909,118025.39676715157,573059.71,782107.9621,0.41973870790907175,5.727368721227004,80,474735.3694,64.74609066699128,0.1869895489283087
36412,Wasco,CA,"Bakersfield, CA",Kern County,2227,206294.4051,381327.4143,285753.6246752066,59427.55730773404,261033.2605,379284.4236,0.5099950175163657,6.595040727048802,105,206294.4051,83.85589440302275,0.20796781624478294
36429,Tollhouse,CA,"Fresno, CA",Fresno County,16456,402816.0565,618115.861,501919.2063834711,65294.18826358939,473687.8632,569501.6432,0.29156682615915985,3.690460768158153,80,402816.0565,41.3800751013509,0.13008904109101577
36496,Ryderwood,WA,"Longview, WA",Cowlitz County,23189,134218.0456,327583.2401,238145.32273636365,70323.94076699471,226786.1376,320368.2911,0.7308661677294617,9.92346148485423,102,134218.0456,138.69241253502497,0.29529843357388175
36502,South El Monte,CA,"Los Angeles-Long Beach-Anaheim, CA",Los Angeles County,3056,509156.6365,911847.8962,705001.2092958677,132270.81623479063,658153.1266,885938.1119,0.4498736022261013,6.321787104080226,79,519096.1084,70.66938040254435,0.18761785723303712
36737,Carbonado,WA,"Seattle-Tacoma-Bellevue, WA",Pierce County,23216,333517.1189,699866.5347,532635.1899338843,123022.96322807157,504000.3369,692723.0971,0.6134993179483994,7.9138649496151405,101,333517.1189,107.70241101408125,0.23097040066643426
36859,North Bend,OR,"Coos Bay, OR",Coos County,4259,266749.5756,518079.4751,399732.2634553719,89728.84518566365,364273.4225,513501.393,0.5488849916450301,7.031814632220576,105,266749.5756,92.50317150270287,0.22447236160030756
36861,Columbia City,OR,"Portland-Vancouver-Hillsboro, OR-WA",Columbia County,17579,312687.5098,607731.7335,472294.8961900826,97241.71222634177,450997.7844,591097.8304,0.5339494200177413,7.034704323794501,105,312687.5098,89.03787707352805,0.20589193957159616
36873,Elma,WA,"Aberdeen, WA",Grays Harbor County,5393,259076.0288,572989.7721,423797.18169999996,110243.31671984454,406140.9173,541311.4029,0.6187557584393258,8.319517589979823,102,259076.0288,108.93920808006456,0.2601322554284569
36881,Onalaska,WA,"Centralia, WA",Lewis County,10508,304665.4965,712901.5827,509265.57590578514,142656.51689630144,475217.8439,676788.9489,0.670763961992787,9.243402463639777,105,304665.4965,122.14164605935282,0.2801220495663212
36954,Rogue River,OR,"Medford, OR",Jackson County,8346,372606.518,689757.9736,529049.0402867768,102090.34087972144,476974.5745,646767.7301,0.4640916288853275,6.112522528068191,96,372606.518,73.57928507842153,0.19296952287141897
37015,Azusa,CA,"Los Angeles-Long Beach-Anaheim, CA",Los Angeles County,945,520480.4974,893051.4367,693242.8820512397,126251.19528582667,632645.0287,876117.0267,0.4241558046729523,5.928216833576027,80,528876.2758,65.65632961598618,0.18211682882666086
37073,Albany,CA,"San Francisco-Oakland-Berkeley, CA",Alameda County,3197,1166846.174,1847206.86,1491264.9341404957,164530.5503436608,1463404.026,1611922.519,0.2741761304721044,3.3678674316540236,74,1166846.174,38.14353210537244,0.11032952400137372
37086,Aliso Viejo,CA,"Los Angeles-Long Beach-Anaheim, CA",Orange County,1182,725048.3834,1496908.241,1015318.0227735537,253502.79152718832,862901.0548,1473591.224,0.5809503681863306,8.179339693159218,85,739397.6873,99.29616352750526,0.2496782149446066
37174,Arlington,WA,"Seattle-Tacoma-Bellevue, WA",Snohomish County,1338,405590.2792,901169.3219,654056.9916066116,167669.41602518182,600921.7148,897720.4545,0.6675724049580847,8.771571722117876,104,405590.2792,121.33677766407376,0.25635291446594316
37206,Atascadero,CA,"San Luis Obispo-Paso Robles, CA",San Luis Obispo County,1961,582381.3932,1044177.33,806331.2445454546,157073.00304235527,730187.0509,1044177.33,0.4795895737576108,6.514907436133041,88,589816.0979,77.03438982383187,0.1947995989302145
37263,Bangor,CA,"Chico, CA",Butte County,23653,411535.8887,662088.5643,523533.4980859504,64282.55785135801,533221.7634,527189.218,0.21048696263559688,3.0361294988143386,76,412080.4121,27.933578622044863,0.12278594987021157
37463,Blue Lake,CA,"Eureka-Arcata, CA",Humboldt County,16074,535093.0596,766754.1427,638676.888553719,57536.433964211894,639984.6045,561768.8862,0.04015421307498796,1.2111451853344237,64,537333.1461,4.547595896020221,0.09008692031193252
37539,Bradley,CA,"Salinas, CA",Monterey County,18680,664592.6145,1000108.804,835626.1042603306,110976.24435584561,786827.5907,950622.0362,0.27648815702250573,4.027265987956912,77,684174.989,38.944283477746374,0.13280610046771843
37560,Bremerton,WA,"Bremerton-Silverdale-Port Orchard, WA",Kitsap County,701,315948.8159,673949.6124,506570.1465495868,112107.38104692443,493113.278,625791.4028,0.5736699541553387,7.386500639087478,102,315948.8159,98.06733600738274,0.22130672683837388
37569,Bridgeport,WA,"Wenatchee, WA",Douglas County,11802,216521.5294,391831.9419,312235.0457214876,62403.508800634445,306003.7669,384809.5595,0.4822874416482146,6.497753607996478,95,216521.5294,77.7234626812127,0.19986068077796149
37619,Brownsville,OR,"Albany-Lebanon, OR",Linn County,12250,326004.2518,696498.0211,520443.4787553719,121304.96029806882,485084.2783,661658.4972,0.5942586550091037,7.7482113118378,97,326004.2518,102.96008212982453,0.23307998898971072
37624,Brush Prairie,WA,"Portland-Vancouver-Hillsboro, OR-WA",Clark County,5649,571636.2643,1191671.992,888533.9028256198,219742.23260346137,798550.383,1179020.009,0.6078806612144658,8.032373650376774,105,571636.2643,106.25353614396293,0.24730877674409585
37653,Burbank,WA,"Walla Walla, WA",Walla Walla County,9856,305455.361,672886.328,487748.90344958677,133101.71445708905,439654.5081,667127.3656,0.6553740878669586,8.834822920392815,103,305455.361,118.40420918328556,0.27288982817948315
37680,Buttonwillow,CA,"Bakersfield, CA",Kern County,12885,194672.6178,344333.6872,272787.505892562,50704.07502399234,260972.1513,344333.6872,0.47015261219764887,6.074148981825499,96,196575.931,75.16574152712519,0.1858738905877979
37688,Calabasas,CA,"Los Angeles-Long Beach-Anaheim, CA",Los Angeles County,2642,1697816.921,3101641.528,2334698.160661157,510219.65579927847,2095875.062,3037696.817,0.4487901577555527,6.710754992990169,74,1786866.172,70.00136129948515,0.2185377383664836
37727,Camptonville,CA,"Yuba City, CA",Yuba County,25057,411788.9209,596192.209,492721.66739338846,47428.60832780446,481107.9858,504047.9564,0.17237859631738925,2.2903538893422444,76,411788.9209,22.404448205736074,0.09625841822364493
37793,Cave Junction,OR,"Grants Pass, OR",Josephine County,7786,244582.3875,466492.2718,367646.0711214876,65106.552683930226,349700.6388,421988.6809,0.458507920212041,6.18807954033527,84,244582.3875,72.53436979390021,0.17709029906215412
37841,Chelan,WA,"Wenatchee, WA",Chelan County,8057,588837.2691,1145460.443,857612.2446256198,204576.78574532954,768718.0121,1077018.145,0.5079973197373081,7.184407449409529,92,588837.2691,82.90590652425128,0.23854228647893785
37863,Chico,CA,"Chico, CA",Butte County,341,422157.5515,695829.8177,563999.4750165289,87794.1644206159,571039.3102,648528.4187,0.36014441435643574,4.700595100477548,93,422214.9601,53.601477916935615,0.15566355698831627
37971,Colton,CA,"Riverside-San Bernardino-Ontario, CA",San Bernardino County,1034,308953.9252,605940.4259,451886.7614727273,102939.1229902253,408901.7713,593356.0503,0.5411534713339489,7.564828523429663,87,311856.327,90.26583683838489,0.2277984923805695
37973,Colton,OR,"Portland-Vancouver-Hillsboro, OR-WA",Clackamas County,11469,501444.2232,954448.0374,735743.0797669422,140379.46547209026,693125.2079,891680.3863,0.48372105821540196,6.2700229570217,95,501444.2232,77.82244665412271,0.1907995730201874
38008,Coos Bay,OR,"Coos Bay, OR",Coos County,2547,251189.4707,478617.1546,370503.20670991734,82007.8569245684,339063.3452,466295.4017,0.5187237152585094,6.872161428502312,101,251189.4707,85.63493143265737,0.22134182765326463
38011,Coquille,OR,"Coos Bay, OR",Coos County,6932,254693.6004,491239.2777,378236.66697768593,82953.15388640878,351475.6647,475359.3698,0.5234774919274675,6.776956479748067,98,254693.6004,86.63969925174453,0.21931547395774456
38032,Costa Mesa,CA,"Los Angeles-Long Beach-Anaheim, CA",Orange County,373,939492.0607,1867954.877,1346766.9674099174,308301.2564264074,1186546.86,1849548.409,0.5294012728397622,7.576821210182988,83,987222.3133,87.34872420149135,0.22891952645625685
38044,Covelo,CA,"Ukiah, CA",Mendocino County,12455,415167.1091,670011.3847,543391.7288512397,71226.31234346965,551793.0253,435543.3417,0.04570787648731007,1.1953722651253256,65,415167.1091,4.907959265889733,0.1310772846948665
38070,Crestline,CA,"Riverside-San Bernardino-Ontario, CA",San Bernardino County,6155,258533.9646,529138.8136,389918.7821603306,93956.37234811885,344652.7905,483265.9906,0.5276572904318699,7.562365867621082,75,258533.9646,86.92553272360254,0.24096395620533342
38134,Danville,CA,"San Francisco-Oakland-Berkeley, CA",Contra Costa County,998,1626971.709,3010366.681,2150527.697628099,453923.2387836763,1851982.217,2624404.662,0.4056912274197355,6.002861501080412,79,1626971.709,61.30610307987845,0.21107528132947367
38145,Davenport,CA,"Santa Cruz-Watsonville, CA",Santa Cruz County,18148,1287315.299,1973124.383,1612146.1615950414,152607.66561585892,1591123.934,1549229.908,0.15877493726851774,2.2235971437632434,72,1287315.299,20.34580100177928,0.09466118473083757
38169,Del Rey Oaks,CA,"Salinas, CA",Monterey County,15770,657666.2417,1091893.581,882808.6627793389,140810.5900840754,825870.3042,1061016.313,0.4015165487472757,5.332141594604797,84,657873.0909,61.27978597642322,0.15950295462752104
38333,El Cajon,CA,"San Diego-Chula Vista-Carlsbad, CA",San Diego County,205,588653.4847,1119525.228,825353.7895636364,181882.11033119404,728831.1256,1108058.517,0.5317129345817665,7.111957400746927,101,588653.4847,88.2361263120201,0.22036866205867292
38348,Electric City,WA,"Moses Lake, WA",Grant County,25290,271414.3818,501876.5303,388068.3692834711,86681.47571069335,359469.0012,498341.4041,0.5093172786772358,6.726491261128007,100,271414.3818,83.60906330572348,0.2233665059348741
38407,Entiat,WA,"Wenatchee, WA",Chelan County,17058,391366.2729,733187.0499,564901.2504834711,125118.37559813283,547126.6497,714828.7497,0.5063663158458908,6.720507220791105,94,391366.2729,82.64955342297716,0.22148716344856767
38438,Eugene,OR,"Eugene-Springfield, OR",Lane County,146,371993.7823,681505.8703,534439.3065231405,111632.19903341797,497757.3057,675090.4262,0.4995584403900196,6.638632963079816,101,371993.7823,81.47895430562951,0.20887722454333446
38482,Fallon,NV,"Fallon, NV",Churchill County,2897,249691.7239,517498.4762,393094.0224239669,89598.32461698528,367276.6744,515735.2366,0.6088256653202587,7.7205887896389305,104,249691.7239,106.5487908628276,0.22793102796244016
38491,Farmersville,CA,"Visalia, CA",Tulare County,6526,161764.8602,327135.8466,243585.22548677685,56699.93918232233,221160.7745,326859.638,0.5896173632631024,7.890238533488256,108,161764.8602,102.0584925526366,0.23277248884456792
38517,Fife,WA,"Seattle-Tacoma-Bellevue, WA",Pierce County,5020,310223.2543,689968.902,512693.0508247934,128285.43948934265,488238.5286,660544.6948,0.6344777434680786,8.547221106688099,103,310223.2543,112.92559008526915,0.25021879910984524
38555,Ford,WA,"Spokane-Spokane Valley, WA",Stevens County,18270,262181.6872,548091.9002,405949.5623826446,102414.34204456587,382616.3896,517804.8328,0.5720267749684437,7.678873335907772,95,262181.6872,97.49847456165122,0.25228341531756837
38563,Foresthill,CA,"Sacramento-Roseville-Folsom, CA",Placer County,7996,427370.305,720795.1025,578723.6882181818,85786.28547788286,553327.5451,659101.797,0.36337089118597343,4.7481069607016915,85,427814.8043,54.06240980333461,0.14823358231975634
38610,Freeland,WA,"Oak Harbor, WA",Island County,11089,667634.8889,1533804.175,1088305.1926396694,285929.08351745334,986862.6981,1413342.328,0.6311426468057413,8.415071399647307,95,667634.8889,111.69389909035952,0.26272876896225794
38643,Garberville,CA,"Eureka-Arcata, CA",Humboldt County,10268,534212.8315,1065681.342,915676.3471504132,142818.02774019336,957486.2536,534212.8315,-0.419728795951713,-4.153984933402412,44,892603.2316,-40.151143017663266,0.15596998675857837
38646,Garden Valley,CA,"Sacramento-Roseville-Folsom, CA",El Dorado County,9582,453738.7357,701093.2932,584347.8749033058,67006.1412555069,565091.8492,630504.0051,0.2778947951291545,3.689250759423627,81,453738.7357,38.95750031729106,0.11466823810490395
38902,Harrisburg,OR,"Albany-Lebanon, OR",Linn County,8212,310738.0206,645379.2621,489250.5761049587,118188.61509147089,457460.4434,636975.3335,0.6018201086063936,8.001076220419515,104,310738.0206,104.98789696544782,0.24157072237379631
38980,Hidden Hills,CA,"Los Angeles-Long Beach-Anaheim, CA",Los Angeles County,16281,4862616.663,9612673.359,7153292.426867769,1668444.9107749637,6621720.217,9208383.865,0.4718007150952691,7.162869674239808,76,5280845.898,74.37327357890648,0.23324153567499686
39076,Huntington Park,CA,"Los Angeles-Long Beach-Anaheim, CA",Los Angeles County,779,423804.6432,782611.6846,610635.614161157,120967.25107153585,586495.9596,760526.2628,0.4906965809597489,6.68312013043109,85,424294.2344,79.2450146949251,0.19810055009272773
39082,Huron,CA,"Fresno, CA",Fresno County,7791,162177.2965,298694.9684,237218.44958429752,44916.509940255244,226150.3251,296338.0062,0.5059428521427326,6.507600889605096,95,162177.2965,82.72471708146892,0.1893466128750403
39161,Jennings Lodge,OR,"Portland-Vancouver-Hillsboro, OR-WA",Clackamas County,6949,386920.5924,729339.8482,574066.9641264463,105888.31354509859,541538.5324,693428.2237,0.48939807506578475,6.174211585515653,97,386920.5924,79.21719270581782,0.18445289515349153
39301,La Honda,CA,"San Francisco-Oakland-Berkeley, CA",San Mateo County,16646,1625717.336,2241838.575,1861900.146123967,147462.0368721124,1852418.843,1678125.273,0.031043122896932118,0.42891941779993825,66,1625717.336,3.223680761684401,0.07919975578663188
39306,La Puente,CA,"Los Angeles-Long Beach-Anaheim, CA",Los Angeles County,1055,471097.5393,827817.5109,643956.8768842975,121287.73536716966,601681.0555,801599.5507,0.4364776417339733,6.15638509989156,83,477249.9044,67.96222341998651,0.18834760481789523
39308,La Verne,CA,"Los Angeles-Long Beach-Anaheim, CA",Los Angeles County,1869,715887.2988,1230382.082,947271.4203264463,172888.1787669952,861062.7325,1213327.364,0.40981280091733807,5.83951284105297,81,745957.406,62.653705726463436,0.18251176490410204
39329,Lake Stevens,WA,"Seattle-Tacoma-Bellevue, WA",Snohomish County,1161,430356.3622,965947.9856,693642.9831421487,181321.57311764164,627667.2564,940961.9254,0.6582243255711572,8.884741008705065,106,430356.3622,118.64715107028107,0.2614047536331573
39355,Langlois,OR,"Brookings, OR",Curry County,25904,408118.2936,696116.3445,552153.6363322315,102443.42218107852,516812.3735,662065.0654,0.4065516072768588,5.55906846473262,90,408118.2936,62.22381495324374,0.18553427060912844
39371,Laton,CA,"Fresno, CA",Fresno County,11506,615263.647,1022850.334,816544.9615264463,102869.56225036873,801348.1292,884089.1147,0.29693322028640096,3.9260624285727563,79,622437.2227,42.03667172490261,0.12598150389424329
39436,Lincoln City,OR,"Newport, OR",Lincoln County,6027,399147.5436,799035.0975,585560.6058933884,148318.9104280586,502128.994,745976.2825,0.52602103213933,7.274911589756552,92,399147.5436,86.89236460579836,0.2532938673389218
39483,Lodi,CA,"Stockton, CA",San Joaquin County,650,449388.3853,758458.1941,605579.247585124,100006.56790124803,568341.5279,717866.5346,0.39331263123994226,5.2861555533024145,95,449388.3853,59.74301029626543,0.1651419996640332
39503,Longview,WA,"Longview, WA",Cowlitz County,1185,257028.5823,527488.7304,404971.090322314,95465.92476553399,387424.9986,514468.9278,0.581761247614424,7.7342160866809975,100,257028.5823,100.16020132715022,0.23573515998278605
39511,Los Altos,CA,"San Jose-Sunnyvale-Santa Clara, CA",Santa Clara County,1796,3611080.442,5979957.055,4718472.44129752,678234.2515013022,4632741.35,5511892.949,0.30022433972084184,4.108646870467188,75,3891308.037,41.64627669130477,0.1437402167627785
39655,Marysville,WA,"Seattle-Tacoma-Bellevue, WA",Snohomish County,656,358749.8821,795558.1664,579583.1817752066,147501.78172815486,536792.6328,778573.4025,0.651287802227189,8.701534299454872,106,358749.8821,117.02401627074988,0.25449631108406445
39704,Mc Farland,CA,"Bakersfield, CA",Kern County,3880,195533.4002,361620.649,271464.2244280992,56204.68918031314,247905.1882,359604.0,0.510216770534211,6.6404086759698355,109,195533.4002,83.9092449843257,0.20704271179276398
39748,Menlo Park,CA,"San Francisco-Oakland-Berkeley, CA",San Mateo County,1442,3409740.494,4795940.265,4032821.4258429753,358384.5015421126,4003054.38,4520827.404,0.2389380017245262,2.825729339776092,82,3409740.494,32.58567365918728,0.08886694046146612
39761,Mesquite,NV,"Las Vegas-Henderson-Paradise, NV",Lincoln County,3163,306624.6963,565983.9912,429641.33631528926,88797.82796112003,408360.9107,536357.749,0.4694569608899145,6.3100981052614475,100,306624.6963,74.92320594921367,0.20667896791000662
39797,Millwood,WA,"Spokane-Spokane Valley, WA",Spokane County,14576,201868.8707,472239.1882,338794.61236859503,94403.0321579696,322249.9617,447251.4542,0.6687015780781278,9.004267627287437,102,201868.8707,121.55543479740683,0.2786438411696549
39798,Milpitas,CA,"San Jose-Sunnyvale-Santa Clara, CA",Santa Clara County,648,987041.3586,2024753.499,1478179.980247934,315461.73751025647,1428103.134,1933632.884,0.5707078653409804,7.638549726923255,81,987041.3586,95.90191101441046,0.21341226489709614
39840,Monte Sereno,CA,"San Jose-Sunnyvale-Santa Clara, CA",Santa Clara County,11704,3744809.368,6180904.519,4893637.06490909,791107.7026570804,4595242.904,5882800.72,0.3166980813795227,4.33454022836549,72,4059683.006,44.90788348020096,0.16166047709788156
39843,Montecito,CA,"Santa Maria-Santa Barbara, CA",Santa Barbara County,7366,6057566.88,10340364.67,7659204.552421488,1525074.0127269512,6577223.281,9463104.789,0.3497386909044485,5.218795503036761,61,6273759.344,50.83627327927677,0.19911650123573119
39870,Morongo Valley,CA,"Riverside-San Bernardino-Ontario, CA",San Bernardino County,8990,205573.0347,509676.1362,353710.7302123967,104488.82378261744,307622.1845,457666.2344,0.6763889375731045,9.745354238930656,78,205573.0347,122.6295073514328,0.2954075600699867
39879,Morro Bay,CA,"San Luis Obispo-Paso Robles, CA",San Luis Obispo County,5287,790672.9803,1341918.521,1075215.4906975208,180486.50199773503,985898.977,1283433.576,0.38190775771511676,5.492811288739578,75,815156.9214,57.4461974506397,0.1678607716864725
39881,Morton,WA,"Centralia, WA",Lewis County,12049,212174.3678,503267.1179,360532.6381760331,108405.13098551611,327431.4215,494450.3771,0.710584315874944,9.674477925549763,98,212174.3678,133.03963726951187,0.300680491879868
39885,Moses Lake,WA,"Moses Lake, WA",Grant County,1366,281217.5413,553618.0119,414639.53111570247,103536.58434727066,374932.6984,549348.4712,0.5616089761403988,7.558498556268225,99,281217.5413,95.34644555261251,0.24970263705603954
39930,Napavine,WA,"Centralia, WA",Lewis County,24458,220098.4083,494685.3032,363987.4180595041,100439.21592837076,342221.034,489680.0636,0.6708629875333049,8.992817220957232,105,220098.4083,122.48232841945543,0.275941450019987
40081,North Tustin,CA,"Los Angeles-Long Beach-Anaheim, CA",Orange County,2315,1227699.968,2471294.019,1739450.2601404958,416850.4436972998,1514389.541,2469046.733,0.5377836046846919,7.712747579857537,85,1304637.305,89.25158153437903,0.23964493452295135
40110,Oak View,CA,"Oxnard-Thousand Oaks-Ventura, CA",Ventura County,8019,735593.6018,1277085.671,1009303.7267785124,187872.6301392453,921084.7261,1277085.671,0.4601851892206857,5.970698778699198,89,738376.0718,72.95870218095548,0.1861408267448845
40184,Orting,WA,"Seattle-Tacoma-Bellevue, WA",Pierce County,3688,336777.5882,720217.4893,533043.0487884297,132918.47979472877,499741.5597,693248.3252,0.6061909116062446,8.148859673165727,106,336777.5882,105.84752355560695,0.24935787099530396
40203,Overton,NV,"Las Vegas-Henderson-Paradise, NV",Clark County,10081,293915.3825,528835.1335,415801.23041652894,77535.5751268776,397715.8156,516729.0291,0.47400831803098675,6.277783472380907,96,293915.3825,75.8087734996313,0.18647269285183768
40227,Palmdale,CA,"Los Angeles-Long Beach-Anaheim, CA",Los Angeles County,185,317529.1457,636986.3509,486583.836046281,113260.18713720207,444797.4566,624191.4666,0.5672823324323787,7.681104627840312,99,317529.1457,96.57769217498324,0.23276602868170373
40242,Paradise,CA,"Chico, CA",Butte County,6188,414356.7845,588801.9223,506507.72990413225,41897.20916268958,507004.3448,500488.496,0.1606994257649049,2.1369959830779317,75,414356.7845,20.786847162146557,0.08271780801967138
40355,Pittsburg,CA,"San Francisco-Oakland-Berkeley, CA",Contra Costa County,492,433192.5307,811481.9189,629947.6004735536,111355.79318712652,595057.3772,716898.9427,0.42386046752787376,5.731692490968045,92,433192.5307,65.49199071866639,0.17676992991705417
40414,Porterville,CA,"Visalia, CA",Tulare County,659,232069.3796,418808.644,328258.58266694215,63643.58671318995,305069.3932,418250.3574,0.49321647842582167,6.61488636911057,104,232069.3796,80.2264297517,0.19388247580951762
40453,Prosser,WA,"Kennewick-Richland, WA",Benton County,4024,327070.7786,653900.8972,506299.525207438,111692.43266940843,494685.2939,652158.4978,0.5783249152453482,7.5450561896973225,101,327070.7786,99.39369105106597,0.22060544620034253
40492,Rancho Cucamonga,CA,"Riverside-San Bernardino-Ontario, CA",San Bernardino County,206,602182.5789,1087561.034,822011.6378603305,168118.21519899965,733002.952,1084611.181,0.4733252444705217,6.64291573617278,88,617590.8626,75.61969366481364,0.20452048055743577
40493,Rancho Mirage,CA,"Riverside-San Bernardino-Ontario, CA",Riverside County,3567,846587.6142,1586691.17,1145656.661638843,306155.26318811404,935403.6759,1538517.987,0.47962916469540856,7.186241744707425,75,871788.895,76.47827310303144,0.26723125124604435
40512,Reardan,WA,"Spokane-Spokane Valley, WA",Lincoln County,14755,284617.5024,643874.2229,454430.5588950413,126257.51415924603,420094.4139,589638.0026,0.6132491699881764,8.393685252072258,93,284617.5024,107.16856750830655,0.27783676006790603
40516,Red Bluff,CA,"Red Bluff, CA",Tehama County,2018,303872.4226,501811.9561,403211.5776090909,63559.334825359896,389391.8576,461011.037,0.3498679486833688,4.6106255839608785,92,303872.4226,51.712035286218835,0.15763271283588975
40524,Redlands,CA,"Riverside-San Bernardino-Ontario, CA",San Bernardino County,680,519586.5052,887239.5039,700398.2338280992,128177.85232375775,639970.5963,878866.3796,0.40678244685892895,5.849631021344711,80,542102.7544,62.12173291256017,0.1830071038631671
40576,Rio Vista,CA,"Vallejo, CA",Solano County,5380,396758.708,610237.9338,502569.06466528925,58234.28441059632,485350.9579,543232.2846,0.2639032542082642,3.4739463819377554,82,396758.708,36.91754551232182,0.1158731973472747
40630,Ronald,WA,"Ellensburg, WA",Kittitas County,25619,488161.9245,1274738.452,829687.3349024794,259974.97996565036,713465.3944,1070238.998,0.66280055113889,9.661952053432156,85,488161.9245,119.2385239992227,0.3133409044941099
40633,Rosamond,CA,"Bakersfield, CA",Kern County,2850,233385.3544,496572.8224,375036.6600123967,90562.00901181552,346400.4694,492824.6428,0.6267328361969249,8.314192263134455,104,233385.3544,111.1634828444916,0.24147508408597182
40737,San Marcos,CA,"San Diego-Chula Vista-Carlsbad, CA",San Diego County,485,692262.0847,1401202.425,1001109.754846281,259275.8542943903,841328.6928,1389260.32,0.5874120673708425,8.122919910706045,98,692262.0847,100.68415571279662,0.2589884406172845
40754,Sanger,CA,"Fresno, CA",Fresno County,1677,342694.3432,631049.5154,493852.8527157025,100050.14688177653,459055.1165,627577.2356,0.5072521835477332,6.537048530536971,101,342694.3432,83.13031657885854,0.20259100728405155
40820,Selma,OR,"Grants Pass, OR",Josephine County,15645,319417.5181,591788.6045,456394.3611132232,73145.734324285,433566.2931,494092.3491,0.3683737311671544,5.133208909031954,76,319417.5181,54.68542615916093,0.16026870740880794
40831,Sequim,WA,"Port Angeles, WA",Clallam County,2212,409546.1729,848315.4446,635217.0406041322,155180.2352167832,586233.3213,826391.9542,0.5891320560893439,7.946998266466871,102,409546.1729,101.78236518444585,0.24429482412687928
40862,Shedd,OR,"Albany-Lebanon, OR",Linn County,20999,467613.8773,902327.5791,690913.7613495868,150370.03146388463,636119.1796,875981.9905,0.5265953779369397,7.040333019737282,96,467613.8773,87.33019549332352,0.21763936380448035
40955,Soledad,CA,"Salinas, CA",Monterey County,2513,362674.8055,722041.2679,551975.8122,125844.7724063842,502263.7146,717380.07,0.5722589484982087,7.3389603365405245,106,362674.8055,97.80256558240573,0.2279896503160292
40964,Soquel,CA,"Santa Cruz-Watsonville, CA",Santa Cruz County,5620,1146947.269,1993937.398,1537036.1913966944,264024.95930331596,1385968.226,1826607.379,0.3929620280982966,5.118983716477679,75,1146947.269,59.25818286245903,0.17177536923408307
40979,South Lake Tahoe,CA,"Sacramento-Roseville-Folsom, CA",El Dorado County,2113,612711.0827,1186051.002,851868.8398429753,180230.88361833067,748426.9426,1019925.129,0.4312558775372229,6.212645055519657,83,613388.757,66.27711502054805,0.2115711658751981
41000,Spangle,WA,"Spokane-Spokane Valley, WA",Spokane County,23026,402650.2474,961477.8991,682185.0168958678,192161.02846674135,646106.7611,876117.9308,0.6537590092850551,9.022832656064471,100,402650.2474,117.58782875641664,0.2816846217777219
41025,Spring Valley,CA,"San Diego-Chula Vista-Carlsbad, CA",San Diego County,688,501230.8418,933843.6239,708633.8658652894,146318.26690053678,639384.2921,910790.9676,0.501621591897541,6.715559964691712,98,501230.8418,81.71087882964348,0.2064793597210774
41055,Stayton,OR,"Salem, OR",Marion County,5407,315261.8054,638440.0279,491454.73199008266,113538.99112934974,463985.3329,632113.4721,0.5830242409618572,7.697296759035669,104,315261.8054,100.50429873608786,0.23102634635256886
41108,Sublimity,OR,"Salem, OR",Marion County,10462,369911.1394,714586.1867,549284.4979694214,111312.94172119167,516963.6723,675067.5525,0.504482309917237,6.572171434697325,96,369911.1394,82.49451843893296,0.2026507977790927
41200,Templeton,CA,"San Luis Obispo-Paso Robles, CA",San Luis Obispo County,5227,822259.1804,1450111.169,1128215.028714876,222639.40306889024,1015682.366,1449317.014,0.45910327278925905,6.368436938602558,92,838715.8444,72.80191183663777,0.19733773917414815
41258,Toppenish,WA,"Yakima, WA",Yakima County,4282,186325.7946,384741.9749,286936.7297479339,70840.74028295116,273486.393,382875.994,0.6040475815691352,7.954853856816227,107,186325.7946,105.48738022126756,0.2468862747030776
41317,Twentynine Palms,CA,"Riverside-San Bernardino-Ontario, CA",San Bernardino County,2835,167694.7181,391280.7591,265505.7445099174,77646.40075898783,227580.9097,340404.026,0.585614853859529,8.875032323008453,76,170172.0472,100.03521824000248,0.29244715929710335
41333,Union City,CA,"San Francisco-Oakland-Berkeley, CA",Alameda County,809,837460.5561,1734358.303,1264832.9060479337,283072.5948042477,1157727.579,1652365.644,0.575091438710994,7.810976161369613,88,837460.5561,97.30668291948706,0.223802364289153
41335,Union Gap,WA,"Yakima, WA",Yakima County,8262,159680.7155,326294.7198,250760.35483884296,60405.78489789302,249961.5933,325385.6118,0.5968611505124538,7.772491569244274,103,159680.7155,103.7726414120433,0.2408904905909637
41446,Vacaville,CA,"Vallejo, CA",Solano County,392,499226.458,831396.321,662784.4380454546,104661.09069616908,622409.2932,777512.3911,0.37196586448529495,4.921140419559398,94,499226.458,55.74342638306242,0.15791120715630214
41447,Vader,WA,"Centralia, WA",Lewis County,22933,179528.3066,502997.1394,354293.6933008264,114444.67685381947,336313.0357,491212.0473,0.8454746883228701,11.38267184603617,106,179528.3066,173.6125887904966,0.32302205491602104
41455,Valley,WA,"Spokane-Spokane Valley, WA",Stevens County,14753,262102.7024,539508.6477,404985.4631256198,96290.7700458418,392864.3716,506777.6727,0.5541276918379459,7.38348547230152,96,262102.7024,93.35080030063817,0.2377635219365244
41517,Vista,CA,"San Diego-Chula Vista-Carlsbad, CA",San Diego County,365,588677.0124,1141432.389,833989.4948933885,193167.25180150822,724977.0469,1130099.203,0.5484466775247812,7.416555972951074,92,588677.0124,91.97270815666046,0.23161832731022758
41665,West Sacramento,CA,"Sacramento-Roseville-Folsom, CA",Yolo County,1116,408544.3374,742353.1867,581181.3315429752,107527.14141764518,540841.6455,697864.344,0.44939592082586854,6.056892441385001,95,408544.3374,70.8172847141266,0.18501478898534465
41673,Westlake Village,CA,"Oxnard-Thousand Oaks-Ventura, CA",Ventura County,3646,1711081.349,2845913.61,2231750.90992562,422295.8903151681,1986113.566,2811808.372,0.3933572662004006,5.669660871223236,78,1763106.53,59.48034472993528,0.18922178475968107
41802,Yakima,WA,"Yakima, WA",Yakima County,336,279715.6571,524385.1162,409497.8276628099,87294.39977209017,398295.1516,521900.3218,0.5224090392245587,6.858245648262019,106,279715.6571,86.58244848032139,0.21317426827467914
41846,Amboy,WA,"Portland-Vancouver-Hillsboro, OR-WA",Clark County,13981,445882.7503,942959.3548,715784.0396363636,170222.55846638256,656307.01,930134.0659,0.617083153263572,8.104804509687872,105,445882.7503,108.60507953586111,0.23781273266844552
41854,Carmel-by-the-Sea,CA,"Salinas, CA",Monterey County,4052,2659281.905,4493212.083,3430455.079520661,580769.2428054971,3083774.52,3969188.395,0.3212984500945479,4.564088511303036,71,2715222.106,46.182825568082635,0.1692980171268263
41871,Blodgett,OR,"Newport, OR",Lincoln County,18144,429872.1159,830808.816,633125.5109595042,132435.72111123265,594885.6036,753931.7442,0.47192906676201735,6.370276278795627,93,429872.1159,75.38512415989902,0.20917767301861806
41918,Bolinas,CA,"San Francisco-Oakland-Berkeley, CA",Marin County,16932,2133713.648,3490923.637,2865308.293495868,293203.0432511868,2840845.854,2782206.489,0.22455476763681628,2.9365494673410684,70,2144236.299,29.75279311788201,0.10232861989641591
41951,Brawley,CA,"El Centro, CA",Imperial County,2914,267810.4289,423388.7611,350825.530692562,50209.64010690545,333698.2171,422751.6003,0.38238774738657944,4.647579058028087,100,267810.4289,57.854793794402525,0.1431185467254535
41959,Creston,CA,"San Luis Obispo-Paso Robles, CA",San Luis Obispo County,22780,1210073.547,1868015.396,1502267.4242396695,190295.05022643373,1411822.49,1634336.291,0.20853180236385374,3.4137934866385926,74,1277834.456,27.898906100556736,0.12667188754541903
41987,Brisbane,CA,"San Francisco-Oakland-Berkeley, CA",San Mateo County,9131,1128857.611,1869514.699,1507506.8509008263,178911.47264115734,1491691.168,1660380.876,0.3259658205214021,3.8789890588165012,83,1128857.611,47.08505836525736,0.11868037119317032
42018,Custer,WA,"Bellingham, WA",Whatcom County,10690,473189.0255,944540.6936,709420.4150842975,171534.73124073294,643421.1944,933670.4387,0.5709723102184859,7.750989519138366,97,473189.0255,97.31447442455533,0.24179559481714405
42033,Clinton,WA,"Oak Harbor, WA",Island County,9194,570425.1012,1266712.308,902114.4670595041,229162.19642587818,816243.888,1146602.229,0.5879277083446129,8.052964389612573,93,570425.1012,101.00837543577579,0.25402784767751924
42091,Bell Canyon,CA,"Oxnard-Thousand Oaks-Ventura, CA",Ventura County,20878,1907008.854,3142503.806,2496773.3765867767,424174.1667113078,2229778.746,3048729.251,0.39455817475793936,4.9656992474273,87,1907008.854,59.86969565480581,0.16988893372901012
42133,Alpaugh,CA,"Visalia, CA",Tulare County,17520,208352.7014,403343.2434,313823.5261942149,61814.43076186759,290076.6883,373572.7376,0.4737149074454698,6.7589741767856175,81,213039.6259,75.35363950336338,0.19697194634035406
42150,Hawthorne,CA,"Los Angeles-Long Beach-Anaheim, CA",Los Angeles County,499,660501.3341,1194328.375,958157.8205545455,179850.86726303012,933087.8706,1146249.817,0.45255238472083426,6.327945592614735,79,670479.0342,70.95982999195175,0.18770484716071015
42157,Kenmore,WA,"Seattle-Tacoma-Bellevue, WA",King County,2693,616334.625,1480966.619,1032388.4985991736,276127.4807519058,905901.0938,1448477.58,0.7215249111031112,9.644338174499422,93,616334.625,135.01479898196538,0.2674647006689608
42196,Hickman,CA,"Modesto, CA",Stanislaus County,18061,876923.2191,1574967.679,1200538.6317438018,168200.8930060816,1186782.298,1193575.922,0.260333013914693,3.213533428207249,68,882071.9575,35.31502864946254,0.14010452355187195
42199,Kingston,WA,"Bremerton-Silverdale-Port Orchard, WA",Kitsap County,5570,486050.7962,1080633.534,782025.0627752066,196462.28390027513,727198.4682,1004240.622,0.6099404316072652,8.127672554708766,101,486050.7962,106.61227794528196,0.2512224904954846
42235,Gaston,OR,"Portland-Vancouver-Hillsboro, OR-WA",Washington County,8781,540275.4057,1038839.84,795180.5581429752,163316.05735114464,734160.8152,982901.8463,0.5026127227805374,6.69269656517313,101,540275.4057,81.92607620672968,0.20538235709955582
42358,Grand Ronde,OR,"Salem, OR",Polk County,15355,360359.7216,707410.1834,538346.3517942149,113641.65587492504,503111.1925,664035.1235,0.5133288564096443,6.740560329324042,94,360359.7216,84.27007340101132,0.21109394629716935
42528,Montara,CA,"San Francisco-Oakland-Berkeley, CA",San Mateo County,24606,1107683.56,1957711.17,1549127.4729752066,232745.2540407762,1477964.856,1835112.245,0.42576305059216785,5.126840762074657,84,1107683.56,65.67116379338518,0.15024280319151065
42550,Prospect,OR,"Medford, OR",Jackson County,21166,305737.2926,524231.9287,416333.45085289254,70436.30716227715,380506.6295,497698.956,0.4103603945150719,5.345046780075416,90,305737.2926,62.78647323901894,0.16918243542041292
42569,Orinda,CA,"San Francisco-Oakland-Berkeley, CA",Contra Costa County,3241,1936948.742,3057477.217,2374891.040049587,342615.0664599682,2145458.453,2684756.936,0.27686146168230213,3.84168387515035,67,1936948.742,38.60753657465656,0.14426559395028687
42809,Pine Mountain Club,CA,"Bakersfield, CA",Kern County,22299,269602.735,555298.0002,395538.43761157023,95161.4144457934,358199.4016,489127.5784,0.5015499970051139,7.069921263277327,91,269602.735,81.42530282565569,0.24058702112598362
42819,North Fork,CA,"Madera, CA",Madera County,11866,374571.2892,587135.9757,479502.248707438,71708.83788528603,449644.7688,563194.1946,0.3352538812253825,4.461847218041113,79,378118.2266,48.94658733174119,0.14954849133364176
42938,Monmouth,OR,"Salem, OR",Polk County,4764,345930.6645,701222.4861,536145.8291768595,124592.03365174396,499378.9056,689905.0842,0.5789171534441842,7.697326664685959,104,345930.6645,99.43449800762025,0.23238459924798657
42967,Stanton,CA,"Los Angeles-Long Beach-Anaheim, CA",Orange County,2355,498493.8492,977444.0914,723642.1355239669,155766.17816673336,665336.0101,958054.0597,0.5349963507473864,7.463601939750148,88,507009.4855,88.96176247179895,0.21525305191625954
43010,Sandy,OR,"Portland-Vancouver-Hillsboro, OR-WA",Clackamas County,3349,415509.9933,786799.3601,616223.9319264463,115076.43122899538,582916.9517,751096.8459,0.49654767971490366,6.2269283714569985,100,415509.9933,80.76504970067107,0.18674450190410835
43044,Summit,WA,"Seattle-Tacoma-Bellevue, WA",Pierce County,5937,353853.5739,755837.8778,571013.3044057852,138987.42220570927,541315.063,748208.8465,0.6285000915840032,8.333507100447598,102,353853.5739,111.4458922241791,0.24340487539137823
43057,Winlock,WA,"Centralia, WA",Lewis County,5822,253119.756,644151.9263,455470.2832487603,138816.9483355531,428030.2842,643992.7297,0.7842004508834808,10.596001186271987,106,253119.756,154.42215174227653,0.3047771796337735
43102,Taft,CA,"Bakersfield, CA",Kern County,3469,177609.4504,305310.6837,233150.81778347108,42548.86642183777,208125.4007,303813.4221,0.45002901939149564,5.732204413312518,91,177609.4504,71.05701381079214,0.18249503401422001
43173,Yermo,CA,"Riverside-San Bernardino-Ontario, CA",San Bernardino County,27328,109097.992,271846.9464,196658.4809231405,48035.84239444913,197129.6977,221843.1769,0.5218597372815237,8.941520816673851,71,121173.6631,83.07870804971974,0.24426021277578588
43187,Warden,WA,"Moses Lake, WA",Grant County,11220,209375.0654,423013.9876,315992.9301677686,78231.16245614059,292852.2162,408422.7136,0.5612678904613239,7.472310673283652,91,209375.0654,95.06750377354153,0.24757250870962744
43207,Washougal,WA,"Portland-Vancouver-Hillsboro, OR-WA",Skamania County,2811,482034.4636,952283.7459,734486.9724280991,161622.09075780964,665833.2255,947051.0476,0.5666167413305525,7.3209023097383685,101,482034.4636,96.46957201505789,0.22004759352437833
43246,Smartsville,CA,"Yuba City, CA",Yuba County,15276,449980.0764,764199.6338,604075.1250661158,86805.60003528523,576408.0614,653773.3578,0.31466057758329596,4.160166950007376,83,449980.0764,45.28940103980123,0.14370000755416704
43253,Troutdale,OR,"Portland-Vancouver-Hillsboro, OR-WA",Multnomah County,3129,323508.882,615213.8346,483384.4923595041,90764.08247825231,456613.2372,587301.8848,0.5002910995893896,6.355485412582161,101,323508.882,81.54119329558316,0.18776788232326863
43338,Westwood,CA,"Susanville, CA",Plumas County,12765,488578.5193,874642.1206,668485.9444561984,124467.54261712999,629049.6139,778757.333,0.3926463173872147,5.257326304949762,90,488578.5193,59.39246246759829,0.18619320817340768
43354,Ramona,CA,"San Diego-Chula Vista-Carlsbad, CA",San Diego County,1623,595250.7731,1062804.064,823064.6366900826,159092.5836318841,738853.8771,1049904.856,0.4767274169742971,6.316897285891474,95,595250.7731,76.38025911872603,0.19329294023816618
43355,Ranchita,CA,"San Diego-Chula Vista-Carlsbad, CA",San Diego County,22795,482535.3017,765991.2283,625628.1026595042,75209.1594901054,608612.605,657627.0813,0.26130734649500015,3.6482862409304975,72,482535.3017,36.28579691126046,0.12021384456739745
43361,Redwood Valley,CA,"Ukiah, CA",Mendocino County,7896,685001.4714,964234.7804,798851.6830140497,81674.09773847135,786479.0668,692298.8974,0.01176945007931566,0.47478188526781917,63,685588.6895,0.9787512546179539,0.10223937618847692
43461,Kittitas,WA,"Ellensburg, WA",Kittitas County,28607,182314.6385,383754.9787,291060.2555049587,70309.39158968834,275263.9518,366527.2518,0.5859508144090307,7.802577693589162,97,182314.6385,101.04104355833172,0.2415630106134175
43505,Cascade Locks,OR,"Hood River, OR",Hood River County,15267,305714.3424,557646.706,441970.0358140496,80849.29050321547,425349.3916,527767.2081,0.4580784249445022,6.097606772349356,93,305714.3424,72.6341014807423,0.1829293480366874
43509,Loon Lake,WA,"Spokane-Spokane Valley, WA",Stevens County,15143,336247.6123,689136.3584,506376.15051818185,131842.07732055127,461325.2985,657458.8366,0.5633172348298436,7.782499544393786,97,336247.6123,95.52817999296767,0.2603639156102344
43521,Tangent,OR,"Albany-Lebanon, OR",Linn County,14012,348814.2651,693602.8213,524516.0086198347,119749.34762810057,491176.5431,669846.3558,0.5473740425812184,7.2954623607092515,101,348814.2651,92.03525280365604,0.22830446670864915
43627,El Dorado,CA,"Sacramento-Roseville-Folsom, CA",El Dorado County,10686,534737.9588,858659.8568,703012.856907438,95187.66392692582,663855.3494,799672.6987,0.33889073631473937,4.350551568305133,84,534737.9588,49.54477899690107,0.13539960612620583
43776,Wood Village,OR,"Portland-Vancouver-Hillsboro, OR-WA",Multnomah County,9446,299163.0599,590791.7689,459107.24235537194,88305.04188711004,435531.679,558888.191,0.5243748057879888,6.579890134109391,96,299163.0599,86.81724648317785,0.19234077300561842
43820,Acampo,CA,"Stockton, CA",San Joaquin County,6845,705468.1705,1239221.041,968027.5449429752,153852.55543271353,918869.1173,1115277.187,0.37940383421441476,5.03398270563488,79,711699.3547,56.706224283443184,0.1589340677715702
43832,Aguanga,CA,"Riverside-San Bernardino-Ontario, CA",Riverside County,11489,417672.1041,744824.957,578357.8826776859,110579.38751771864,539020.3113,707893.6579,0.4433082633868156,5.863903319362671,86,417672.1041,69.48550093508626,0.1911954359569845
43867,Alpine,CA,"San Diego-Chula Vista-Carlsbad, CA",San Diego County,3342,694163.1749,1259168.442,951458.6927280992,202317.89372857532,832623.0965,1248611.349,0.49347242504667127,6.664045985428581,91,694163.1749,79.8728878379169,0.2126397028844974
43915,Applegate,CA,"Sacramento-Roseville-Folsom, CA",Placer County,21674,490470.4995,803488.9095,641029.1211752066,91329.60674818406,621217.4305,696243.3546,0.29080841867808843,4.015875591368868,83,492931.5676,41.24543858894866,0.14247341303426023
43932,Ariel,WA,"Longview, WA",Cowlitz County,18315,333953.1179,748188.2115,562706.3137801653,138241.8355001584,527745.1329,725808.0492,0.6518907385335883,8.395565594515846,99,333953.1179,117.33830597663062,0.24567315509839097
43944,Aromas,CA,"Salinas, CA",Monterey County,9472,794683.3899,1360593.414,1082569.2480578513,167315.9719178422,1005839.079,1220968.029,0.36154161817954356,4.707099557422391,82,794683.3899,53.64207236716527,0.1545545213093851
43964,Astoria,OR,"Astoria, OR",Clatsop County,3514,316439.1376,678839.7711,506797.30797520664,125143.8103289712,461105.9015,645670.2878,0.598581664895934,7.851878090313527,98,316439.1376,104.04248750550255,0.24693069272399024
44048,Bass Lake,CA,"Madera, CA",Madera County,22995,760482.0261,1245856.671,1008538.4280553719,170697.29053138048,941963.7085,1197026.692,0.31882349248553815,5.065736197151536,77,821183.7431,45.76843514719113,0.1692521432827433
44090,Beavercreek,OR,"Portland-Vancouver-Hillsboro, OR-WA",Clackamas County,9982,589112.0486,1116591.706,861119.6427479339,163660.60611885373,809590.6927,1066080.005,0.4980791921807509,6.330343984723592,99,589112.0486,80.96387733598289,0.19005559505830516
44116,Bellflower,CA,"Los Angeles-Long Beach-Anaheim, CA",Los Angeles County,670,533604.6846,948025.9502,741369.0776735537,141105.08502349514,696022.6806,928748.6636,0.4528344544095636,6.297933590215302,82,542112.7267,71.32021032849882,0.19033041608140527
44131,Benicia,CA,"Vallejo, CA",Solano County,2563,644576.7398,1058399.039,849865.3858578512,128849.89327956994,790998.5578,1004176.206,0.372673614032753,4.89079125555183,88,644576.7398,55.78846458399616,0.15161212048836334
44161,Big Bear Lake,CA,"Riverside-San Bernardino-Ontario, CA",San Bernardino County,8917,531193.427,1066165.677,736387.0439404958,177112.5718016227,621489.5472,878566.0811,0.4141600792876095,6.665289099104091,64,540173.8001,62.64507477729481,0.24051560013043138
44267,Boring,OR,"Portland-Vancouver-Hillsboro, OR-WA",Clackamas County,6473,550078.1243,1035381.271,806817.4530214877,160657.22331375,747506.1537,1025061.158,0.5224301085458782,6.619670405174955,96,550078.1243,86.34828631013785,0.19912462566606287
44271,Bow,WA,"Mount Vernon-Anacortes, WA",Skagit County,9664,628014.4507,1276674.974,944165.0193842975,229991.4009719457,856085.4003,1250076.546,0.5785832314835474,7.660436128169794,102,628014.4507,99.05219451664442,0.24359237659739408
44347,Browns Valley,CA,"Yuba City, CA",Yuba County,14884,497777.7991,819897.8817,651815.6724107438,93062.5611489831,627763.4505,726384.8427,0.31605209609783563,4.344496149302307,80,499221.2678,45.50358519401206,0.1427743533763015
44404,Caliente,CA,"Bakersfield, CA",Kern County,17074,335416.6923,507110.1307,413610.55621322314,55779.6953978773,381487.2089,478848.205,0.3003943974357453,3.7744401155403478,76,335416.6923,42.762186853751885,0.13486042500598544
44406,California City,CA,"Bakersfield, CA",Kern County,4947,136614.1638,338074.5526,243198.07876859503,71283.6662704766,219094.3095,332558.0505,0.7470061849676175,10.21287035319483,105,136614.1638,143.4286762438903,0.29310949589492274
44411,Camas,WA,"Portland-Vancouver-Hillsboro, OR-WA",Clark County,1647,574584.8339,1107876.582,838636.3088553719,187126.83826818352,749075.9012,1092395.905,0.5396368676182096,7.123702618739608,98,574584.8339,90.1191678842883,0.22313228784905223
44566,Cheshire,OR,"Eugene-Springfield, OR",Lane County,19496,416255.5409,796199.1141,617461.4022826446,128459.69440459712,576753.4152,753983.8689,0.49842201493999555,6.678435046486726,95,416255.5409,81.1348546303519,0.20804489791540742
44583,Chino,CA,"Riverside-San Bernardino-Ontario, CA",San Bernardino County,493,553665.232,944180.3319,726307.635347934,139097.62730830596,647918.0018,938140.1428,0.4288064894443684,6.030583593719107,86,563397.8132,66.51469367116104,0.19151337606642665
44655,Clovis,CA,"Fresno, CA",Fresno County,297,411875.9481,718665.6892,566594.5002330579,109954.76873362069,518648.1939,715264.2251,0.4628129397248014,6.147385328478087,101,411875.9481,73.66011013741934,0.19406254153260027
44661,Coarsegold,CA,"Madera, CA",Madera County,4882,337661.8405,563788.8819,454024.4101528926,80981.79862577796,423032.1063,557272.4294,0.41968940311273945,5.651187088237289,90,338006.2793,64.87043689072674,0.17836441568969247
44746,Copalis Beach,WA,"Aberdeen, WA",Grays Harbor County,25316,235873.1693,534232.6977,399346.5459652893,101589.95104176873,392349.8927,505240.322,0.6405195045213714,8.346335792219726,96,235873.1693,114.19999718467342,0.254390458783632
44769,Cotati,CA,"Santa Rosa-Petaluma, CA",Sonoma County,5447,691665.9892,1099283.334,927380.5438066117,119843.87430909374,900729.0285,1050614.792,0.35103208135196046,4.426827333503726,82,691665.9892,51.89626328383879,0.1292283681272539
44770,Cottage Grove,OR,"Eugene-Springfield, OR",Lane County,3410,291836.1971,582689.7968,449816.2089719008,101998.061849013,423260.8185,574751.9073,0.5680748255938237,7.384726099354989,101,291836.1971,96.9433240329186,0.22675497195207706
44779,Cougar,WA,"Longview, WA",Cowlitz County,19114,216974.9995,503310.4741,380551.0133661157,92430.12151590425,372701.1175,476886.0355,0.6615021453267259,8.53066294541042,95,216974.9995,119.78847175893183,0.24288497013403101
44781,Cove,OR,"La Grande, OR",Union County,16327,429868.1415,719649.7879,564742.5429512396,110974.39050441553,517558.3833,711633.58,0.40993213912621784,5.661153072246705,92,436623.2045,62.985744382259455,0.1965043928238237
44833,Cypress,CA,"Los Angeles-Long Beach-Anaheim, CA",Orange County,1175,719366.1152,1347772.212,994348.3229520661,207361.81789026098,891443.096,1333247.017,0.4917875348677045,6.883317047052874,86,743262.5249,79.37767240173689,0.20854042100119993
44839,Daggett,CA,"Riverside-San Bernardino-Ontario, CA",San Bernardino County,26829,132316.1638,327270.8573,225285.12893966943,55631.94686936247,213332.5607,241698.5555,0.41332051104383455,7.40413789511479,66,150191.3684,60.927061305075625,0.24694016480892758
44904,Deming,WA,"Bellingham, WA",Whatcom County,10719,293461.6612,690278.8204,482978.8619942148,141551.71772300577,443216.7289,646829.2685,0.665239665536896,9.245538495051502,98,293461.6612,120.41355107683826,0.2930805649310203
45025,Earp,CA,"Riverside-San Bernardino-Ontario, CA",San Bernardino County,20275,342540.84,529369.6409,420339.50160413224,45822.84746346471,409662.3697,394015.2518,0.054796008526496374,1.8184570332278227,57,372193.0681,5.863135445106387,0.10901389778641313
45144,Elmira,OR,"Eugene-Springfield, OR",Lane County,12793,394951.1279,752055.5483,579423.2454165289,125900.40040218877,546565.7264,726054.5572,0.5105574447411136,6.709101566991081,97,394951.1279,83.83402550602008,0.21728572575938507
45164,Encinitas,CA,"San Diego-Chula Vista-Carlsbad, CA",San Diego County,933,1517693.078,2966110.9,2170371.101429752,526870.646589712,1855922.993,2863120.778,0.5309130521481237,7.469426509231368,91,1525180.584,87.72339538253654,0.24275601819552015
45171,Enumclaw,WA,"Seattle-Tacoma-Bellevue, WA",Pierce County,3017,488516.2571,1004004.461,750869.4284520661,174131.65861186417,692208.8336,980411.2692,0.5846408183725633,7.846354224639446,99,489196.6828,100.41249331218891,0.23190670976023145
45191,Eureka,CA,"Eureka-Arcata, CA",Humboldt County,1281,406464.9188,646476.7395,520846.9408628099,65525.392797036235,512055.4974,538926.3785,0.23750673589897475,3.396890830822985,75,406464.9188,32.58865736582234,0.12580546731922823
45232,Fall City,WA,"Seattle-Tacoma-Bellevue, WA",King County,7488,859226.2298,2002366.511,1397051.782661157,372027.13344781,1225076.93,1891894.141,0.6658790692339499,9.001936987345864,98,859226.2298,120.18579919753749,0.2662944481121227
45255,Federal Way,WA,"Seattle-Tacoma-Bellevue, WA",King County,448,371381.751,799631.2769,590116.6889884297,144252.41238507233,547697.3277,763927.6622,0.6063602997649193,8.193413227496961,99,371381.751,105.69876148814863,0.2444472679333098
45263,Ferndale,WA,"Bellingham, WA",Whatcom County,2542,416735.7336,858205.9422,642851.2704371901,158312.50513524603,592629.2227,844024.7329,0.5922794581309886,7.916339932652214,103,416735.7336,102.53236400172237,0.246266146487633
45329,Foster,OR,"Albany-Lebanon, OR",Linn County,19344,332404.3321,710597.4724,537429.8952876034,129325.22431992175,491715.1406,695235.9502,0.6192925555162332,8.136886950170984,100,332404.3321,109.15369718793144,0.24063645408246948
45374,Fulton,CA,"Santa Rosa-Petaluma, CA",Sonoma County,17657,1003197.878,1551727.382,1305331.523570248,146514.78430285808,1297420.721,1402634.902,0.27632413313797277,3.627640826739083,78,1011751.706,38.63430065716143,0.11224335094744475
45398,Gardena,CA,"Los Angeles-Long Beach-Anaheim, CA",Los Angeles County,944,533185.2262,927198.9088,744514.7098793389,135895.2868242606,718709.9924,891157.2262,0.4208700066219601,6.021362055091217,81,540635.9306,64.83499814949224,0.1825286794485024
45429,Gig Harbor,WA,"Seattle-Tacoma-Bellevue, WA",Pierce County,1223,589119.2022,1266646.429,924549.8406066116,238660.36589451882,848440.5602,1266340.102,0.6422473938556479,8.471545769650461,106,589119.2022,114.95481683010735,0.25813683093377643
45444,Gladstone,OR,"Portland-Vancouver-Hillsboro, OR-WA",Clackamas County,4716,338588.6237,634989.6791,504904.8390884297,94712.12539238622,475858.2669,616406.0276,0.5023198405449857,6.343631014041933,99,338588.6237,82.05160612429638,0.18758411102452954
45457,Glendale,CA,"Los Angeles-Long Beach-Anaheim, CA",Los Angeles County,167,921446.2232,1818112.8,1358453.6242950414,304278.9579195494,1248772.345,1768965.455,0.5104833766041135,7.405817466876477,77,967393.3816,82.85895775659088,0.223989212791458
45510,Grand Terrace,CA,"Riverside-San Bernardino-Ontario, CA",San Bernardino County,4775,379969.3402,685968.5248,526614.7707785125,107821.01098970672,476601.4277,665575.7243,0.46395261139505717,6.616514654937658,85,383504.7589,73.550838380483,0.20474361330638574
45536,Grapeview,WA,"Shelton, WA",Mason County,9936,423617.8718,1055082.939,729152.3979892562,230587.66542227674,645912.2666,980151.3214,0.7063912938502106,10.303622658686185,100,423617.8718,131.37629138148176,0.3162407009263849
45602,Hacienda Heights,CA,"Los Angeles-Long Beach-Anaheim, CA",Los Angeles County,1110,671924.2971,1195267.733,902776.9311950414,173875.39836047048,819550.6136,1172744.898,0.4291528684982858,6.201214683602944,80,704981.9214,66.35105985002923,0.19260062187267543
45625,Halsey,OR,"Albany-Lebanon, OR",Linn County,12957,375939.2996,794376.9578,599076.5411983471,139579.82282911116,566584.1183,770009.0468,0.60154802840969,7.862508233826899,106,375939.2996,104.82270611752769,0.23299163500861894
45704,Hebo,OR,"Portland-Vancouver-Hillsboro, OR-WA",Tillamook County,24003,298151.5778,594834.1814,446835.35443305783,100557.40576783227,414163.1904,535731.6481,0.49288059977466375,6.7143786006039825,94,298151.5778,79.68432434705028,0.22504353062084564
45723,Heppner,OR,"Hermiston-Pendleton, OR",Morrow County,15181,268071.851,437881.0395,350058.7152570248,54279.78658224103,330554.1021,437237.5538,0.41301066819188115,5.41428410393751,87,268071.851,63.104612501817634,0.15505909213654914
45732,Hesperia,CA,"Riverside-San Bernardino-Ontario, CA",San Bernardino County,401,282233.7892,558280.8163,419472.4033909091,98196.6672239909,372559.5635,551887.8361,0.5635147586133106,7.707045367524852,93,282233.7892,95.54279367624349,0.23409565547147754
45802,Hood River,OR,"Hood River, OR",Hood River County,3231,567429.8406,1087054.585,831510.1572066116,177719.3390750299,757086.3289,1026930.495,0.4980822043919969,6.795623652193443,98,567429.8406,80.97928968877002,0.2137308095815246
45878,Indio,CA,"Riverside-San Bernardino-Ontario, CA",Riverside County,507,400066.1034,717990.4041,530467.1060933884,120298.53095889393,460759.4722,677810.3516,0.4409933122752437,6.237711184210791,83,401406.7727,68.85872329478015,0.22677849309984444
45888,Inglewood,CA,"Los Angeles-Long Beach-Anaheim, CA",Los Angeles County,296,515141.5049,1009799.723,803457.121529752,175226.72592546328,809109.3524,957198.66,0.5208426470414298,7.418795899092808,77,516687.9569,85.25662292246085,0.21809094876380983
45919,Jamul,CA,"San Diego-Chula Vista-Carlsbad, CA",San Diego County,5209,834640.6063,1456820.075,1125671.3872206612,220606.88132686628,994984.6434,1444333.322,0.4612288216220547,6.233905110470071,97,834640.6063,73.04853263763378,0.1959780481509401
45977,Junction City,OR,"Eugene-Springfield, OR",Lane County,4094,359334.0213,709179.0452,548118.7482140496,123344.08468415543,515337.7477,698889.5368,0.5575624759730187,7.295286913912922,102,359334.0213,94.49578814484492,0.22503168352852526
46005,Kelso,WA,"Longview, WA",Cowlitz County,2372,254111.0529,560618.4522,423885.3337049587,107599.0881878023,403175.2747,554656.837,0.6546311787334814,8.611724984475291,104,254111.0529,118.27340081042183,0.25384008275855
46018,Kenwood,CA,"Santa Rosa-Petaluma, CA",Sonoma County,16447,1989350.111,2786209.416,2361200.498570248,219314.35038394533,2289265.5,2516932.843,0.19901287932654776,2.3369316265268134,70,1989350.111,26.520356023947755,0.09288256144141269
46080,La Canada Flintridge,CA,"Los Angeles-Long Beach-Anaheim, CA",Los Angeles County,3073,2049208.751,3692043.063,2829431.164909091,518759.9629345658,2697539.589,3580710.284,0.3948049091370865,6.322729626887578,76,2256746.688,58.66691211025275,0.18334425992343711
46089,La Mesa,CA,"San Diego-Chula Vista-Carlsbad, CA",San Diego County,692,636429.8509,1168454.117,873944.8647107438,186680.17114231945,769682.4066,1151863.357,0.4991953138516701,6.78576474165853,84,636429.8509,80.98826687200574,0.2136063482724467
46098,Laguna Woods,CA,"Los Angeles-Long Beach-Anaheim, CA",Orange County,3533,508660.5779,727218.6923,623329.2238338843,59906.60309642836,629639.4168,698952.8256,0.2211238098000981,3.4596086673195616,77,539365.1477,29.58805895792959,0.0961074835028003
46126,Lakebay,WA,"Seattle-Tacoma-Bellevue, WA",Pierce County,9811,394371.9152,865806.4179,638266.0302595042,163361.96963844672,610839.9002,826475.0376,0.6212386139541594,8.325500571744838,100,394371.9152,109.56741739098364,0.2559465205629501
46178,Lawndale,CA,"Los Angeles-Long Beach-Anaheim, CA",Los Angeles County,1932,619562.3491,1064806.237,861470.9011776859,154454.30763248296,837868.1193,1004439.705,0.39708240733036415,5.796379330371847,75,627352.4902,60.107709890461194,0.17929138108012008
46218,Lemoore,CA,"Hanford-Corcoran, CA",Kings County,1719,298908.8318,480843.428,392305.5460322314,63283.91349469258,358576.0109,475101.226,0.38839278984026915,5.0982091933882,95,298908.8318,58.94519514160439,0.1613128188850362
46254,Lind,WA,"Othello, WA",Adams County,21207,155310.8951,303690.8811,228393.34940661158,56052.72880999399,215169.8337,297852.9687,0.5473494523927231,7.528727082868044,86,155310.8951,91.7785410406794,0.24542189584602397
46263,Litchfield,CA,"Susanville, CA",Lassen County,22958,339419.3729,531654.498,433592.84889504133,50701.226111851385,416556.78,433532.0385,0.20866630727989963,2.7892200073886166,64,339419.3729,27.72754683856173,0.11693280053178298
46298,Long Beach,CA,"Los Angeles-Long Beach-Anaheim, CA",Los Angeles County,47,684153.9787,1222854.318,950492.8169694216,182064.9500602812,882306.1559,1196059.863,0.443021349373909,6.2635739563666375,77,707111.7615,69.14721662425634,0.19154794945298198
46314,Los Alamitos,CA,"Los Angeles-Long Beach-Anaheim, CA",Orange County,2855,1127324.473,2031381.669,1535494.7542561982,312286.4131619408,1372449.336,1978053.345,0.4245245989499024,6.379742008486887,80,1196650.393,65.29918483885879,0.20337836537462742
46316,Los Banos,CA,"Merced, CA",Merced County,1295,304400.3107,587497.0878,449347.145746281,91328.9922586407,422628.4636,550293.465,0.49697980478415793,6.635475466194197,99,304400.3107,80.77953459854994,0.20324818600318567
46405,Maple Valley,WA,"Seattle-Tacoma-Bellevue, WA",King County,1881,519414.515,1161368.889,823517.7668247933,206429.0551746786,737286.4561,1082430.767,0.6189306323940907,8.382719973741771,97,519414.515,108.39440095354284,0.250667397220341
46442,Mattawa,WA,"Moses Lake, WA",Grant County,6668,301594.062,649596.4305,466845.7575983471,136123.4017502094,412623.8747,636635.7826,0.6277757933365734,8.774342643551412,91,301594.062,111.09029082939972,0.29158110475392557
46477,Meadow Vista,CA,"Sacramento-Roseville-Folsom, CA",Placer County,8966,621440.9576,1040209.577,827507.7691413224,127078.41622629682,784549.0419,952142.699,0.3547686431609869,4.765381737451976,85,624474.1682,52.471110493566144,0.15356764125388445
46481,Medical Lake,WA,"Spokane-Spokane Valley, WA",Spokane County,6050,282342.1491,631192.8951,458264.162292562,123215.97723815049,435163.1602,598803.0439,0.63129799594705,8.508982619492482,102,282342.1491,112.08418431635438,0.2688754377425825
46500,Menifee,CA,"Riverside-San Bernardino-Ontario, CA",Riverside County,400,376783.2712,714468.5433,540024.7336454545,119600.96067871626,478118.5168,693540.6768,0.5126863038787114,6.982288106284704,100,376783.2712,84.06886128228932,0.2214731163725522
46631,Mount Charleston,NV,"Las Vegas-Henderson-Paradise, NV",Clark County,28607,526499.9292,921056.0743,710600.9407033059,138235.47570972575,661902.0476,890600.774,0.44255086510033503,6.001710216068952,87,526499.9292,69.15496557677409,0.19453320111412942
46697,Nevada City,CA,"Truckee-Grass Valley, CA",Nevada County,3267,575813.4645,918972.9174,736606.0286644629,97677.62845728916,699589.0514,808764.6569,0.2761843459114855,3.7867707408441245,78,583001.107,38.7243775679486,0.13260498102953086
46734,Newberg,OR,"Portland-Vancouver-Hillsboro, OR-WA",Yamhill County,2067,451589.7449,841131.7574,659657.156261157,127710.18371206669,605939.3137,818698.5593,0.4990676413564559,6.383340429218981,101,451589.7449,81.29254894423977,0.1936008462879564
46848,Oakland,OR,"Roseburg, OR",Douglas County,7737,337043.9444,675472.1616,496724.5965123967,110430.80724444546,453830.8,606975.7397,0.49468193978673264,6.6721517576040625,89,337043.9444,80.08801219690451,0.2223179766409845
46887,Olivehurst,CA,"Yuba City, CA",Yuba County,1959,286658.2667,588900.7753,438921.61661983473,100221.22859740254,407210.3169,548554.5442,0.5449913225710633,7.425728323924684,103,286658.2667,91.36184367363302,0.2283351395841769
46965,Palm Springs,CA,"Riverside-San Bernardino-Ontario, CA",Riverside County,1293,659349.7812,1493262.561,1015215.0676148761,297057.6407062899,842983.9054,1298452.853,0.5249458728425899,8.022032903123884,74,698820.0621,85.80646484276141,0.29260562631737785
47019,Pasadena,CA,"Los Angeles-Long Beach-Anaheim, CA",Los Angeles County,253,1120161.857,1996563.602,1550772.372826446,286713.76288208645,1461580.304,1972399.767,0.41340545195587686,6.140469670861831,74,1211155.813,62.852685495057756,0.18488449233817622
47021,Paso Robles,CA,"San Luis Obispo-Paso Robles, CA",San Luis Obispo County,1395,635471.3082,1116610.422,867836.1315338843,164454.92676810297,787119.689,1116610.422,0.46476644340782064,6.313109423307226,95,641640.1176,74.02440891267614,0.1894999767726102
47087,Phoenix,OR,"Medford, OR",Jackson County,9202,289455.6971,506696.6186,408568.6057190083,69123.8865639591,387533.8552,485724.2086,0.4339808336677283,5.567790802883049,92,289455.6971,67.8060627123169,0.16918550666004625
47144,Placerville,CA,"Sacramento-Roseville-Folsom, CA",El Dorado County,1642,512162.7997,792102.3965,658017.1537628098,83289.69819505715,628912.5572,746355.0097,0.3150788785662014,4.137466755086704,83,513295.1998,45.40463460223461,0.12657678864262545
47164,Pleasanton,CA,"San Francisco-Oakland-Berkeley, CA",Alameda County,700,1343605.454,2564843.545,1849647.5619752067,391265.9207334909,1639468.388,2339334.58,0.47046808211108443,6.707468974260523,80,1343605.454,74.10874397954031,0.2115353912697102
47198,Port Hueneme,CA,"Oxnard-Thousand Oaks-Ventura, CA",Ventura County,2776,449775.9921,761982.2372,607144.0435008265,107449.05051909517,561385.1997,750034.8581,0.42874717165221826,5.71363553675441,99,449775.9921,66.75742397856634,0.17697456092880026
47267,Quincy,WA,"Moses Lake, WA",Grant County,4423,325975.6868,622553.1842,477997.1336727273,106007.6581346652,436121.2578,606158.5609,0.5205766687341402,6.790523370167015,95,325975.6868,85.9520772393998,0.22177467324991534
47322,Redding,CA,"Redding, CA",Shasta County,385,354851.615,565220.0199,455631.7737545455,72521.65823142625,428470.5442,538869.6692,0.3503910527345859,4.676756792877075,92,354851.615,51.85774741366191,0.1591672539292542
47367,Rice,WA,"Spokane-Spokane Valley, WA",Stevens County,20620,323357.1838,599764.4259,457438.2622429752,93234.36431278694,446047.8062,541497.8967,0.4339263612131486,5.907337451586417,91,323357.1838,67.46122363402401,0.2038184647161503
47401,Riverside,CA,"Riverside-San Bernardino-Ontario, CA",Riverside County,63,458595.2938,852838.9962,642002.9514438016,140708.82774894394,575265.3403,840372.3923,0.5082272704404225,6.8861664785205985,94,458595.2938,83.24924037848902,0.21917162130252452
47421,Rock Island,WA,"Wenatchee, WA",Douglas County,18649,337605.7082,667170.205,502269.4925115703,118402.17023674959,486496.6234,657067.2162,0.558701299816202,7.454605555533569,95,337605.7082,94.62562398700581,0.23573434580843486
47428,Rockford,WA,"Spokane-Spokane Valley, WA",Spokane County,18206,281450.6747,704983.7467,503556.03352231404,149632.0153605632,470295.1048,675098.9511,0.7355808653165521,9.847026135323576,101,281450.6747,139.86403721348054,0.29715067519677046
47457,Roslyn,WA,"Ellensburg, WA",Kittitas County,25514,259446.9257,677143.4263,473299.92709256196,140796.23315320417,443036.6641,620917.6795,0.7345626210708551,9.657073403103885,93,259446.9257,139.32358335899912,0.2974778255684562
47470,Royal City,WA,"Moses Lake, WA",Grant County,9582,286191.7681,542153.836,414757.90270743804,84688.0134028896,396157.1812,496850.659,0.4641634767610946,6.046581567377949,87,286191.7681,73.60759965199013,0.2041866179042448
47510,Saint Helena,CA,"Napa, CA",Napa County,6467,3469428.968,5206128.215,4201601.328479338,432696.09176675184,4122006.762,3830263.272,0.06665314972246206,1.289747554807115,63,3556547.973,7.696094670392335,0.1029836145647248
47544,San Anselmo,CA,"San Francisco-Oakland-Berkeley, CA",Marin County,3897,1737901.955,2831517.528,2200626.555446281,316071.6688694723,2036460.779,2436924.927,0.2841004365899872,3.9724472691189168,72,1745110.996,39.642975867192355,0.14362803542801647
47547,San Fernando,CA,"Los Angeles-Long Beach-Anaheim, CA",Los Angeles County,2649,460119.3504,881633.6489,666431.4271008264,143923.37110144188,626970.6815,864907.3837,0.5259076836002917,7.192695338820323,84,462810.484,86.88154516828102,0.2159612606019363
47550,San Lorenzo,CA,"San Francisco-Oakland-Berkeley, CA",Alameda County,2032,572110.9437,1019983.332,819220.6108024794,127215.61772162838,789068.7721,941312.1152,0.4194936402931537,5.425903515718279,84,572110.9437,64.53314266500023,0.1552885950916353
47568,Santa Ana,CA,"Los Angeles-Long Beach-Anaheim, CA",Orange County,77,564397.3242,1070392.154,797135.1878752066,161313.9488654345,737855.6715,1050575.079,0.5046138711537913,6.995689414763835,87,576542.2763,82.21995544578937,0.2023671157905133
47570,Santa Maria,CA,"Santa Maria-Santa Barbara, CA",Santa Barbara County,255,445901.9828,795780.4457,607540.3761206612,121621.6635479696,540586.314,783018.9157,0.4721689998610354,6.242365072194474,102,445901.9828,75.60337157128247,0.20018696423859542
47583,Sausalito,CA,"San Francisco-Oakland-Berkeley, CA",Marin County,4616,2174547.72,3088529.26,2561497.769355372,237001.920794731,2456181.049,2663355.465,0.17244049758791002,2.232244823829598,75,2174547.72,22.478593617619005,0.09252474221532313
47598,Scio,OR,"Albany-Lebanon, OR",Linn County,8928,438102.385,936177.8933,682855.5915190083,159474.42674337205,639319.4316,859843.823,0.5668340773194809,7.482823623058507,98,438102.385,96.26549693401006,0.2335404860471628
47677,Shingle Springs,CA,"Sacramento-Roseville-Folsom, CA",El Dorado County,1992,571412.7965,961684.6262,767053.4629528925,124709.24926568904,717163.2801,909981.5788,0.3911594947897127,5.177465147542497,91,571412.7965,59.25117259777711,0.16258221269949194
47695,Sierra Madre,CA,"Los Angeles-Long Beach-Anaheim, CA",Los Angeles County,5087,1154718.462,1997289.58,1560025.6284545455,286145.99272710783,1436272.171,1943900.187,0.37612952802803024,5.81200141930195,73,1247283.303,55.850734337938924,0.18342390503583017
47735,Snoqualmie Pass,WA,"Seattle-Tacoma-Bellevue, WA",King County,28607,540479.1143,1396413.696,922707.0016528926,308920.24241693906,767971.4781,1299594.648,0.7397716646668848,10.646361946494968,90,540479.1143,140.45233453343823,0.3347977655567307
47746,Sonoma,CA,"Santa Rosa-Petaluma, CA",Sonoma County,1716,1386289.704,2145884.794,1753732.9795619836,213362.0675941591,1687573.67,1848614.043,0.2433263718945868,3.17220345160626,70,1386289.704,33.34976359313711,0.12166166119967071
47762,South Gate,CA,"Los Angeles-Long Beach-Anaheim, CA",Los Angeles County,512,443406.0771,799178.065,622026.0144504133,120049.96857584947,593707.0012,773446.0343,0.4662212562307081,6.419354638879887,83,444202.2795,74.1202308035432,0.19299830840984808
47812,Springville,CA,"Visalia, CA",Tulare County,11495,379171.4146,619956.7745,495600.7691421488,86951.92419275628,450091.4674,619284.0302,0.4095299943317711,5.396271989323591,88,380013.9631,62.963493538008905,0.17544751664381827
47843,Steilacoom,WA,"Seattle-Tacoma-Bellevue, WA",Pierce County,9022,485603.4168,987353.2413,747668.9951247934,177371.28391641637,709487.7777,973684.759,0.5833910343540475,7.817612245388468,104,485603.4168,100.51027758748667,0.23723236495424202
47855,Stirling City,CA,"Chico, CA",Butte County,30062,128153.6197,255764.54,208316.91404545456,35874.86705197403,219862.8444,215517.1811,0.44287579973094215,5.231747722649385,71,128153.6197,68.17096669178201,0.17221293439545754
47889,Suisun City,CA,"Vallejo, CA",Solano County,2282,361199.686,665128.1251,520354.1692545455,91847.24131169522,492672.5787,608774.225,0.438334312672905,5.841287043395405,90,361199.686,68.54229075935575,0.17650909080496985
47906,Sun Valley,NV,"Reno, NV",Washoe County,2925,219861.6857,498781.7557,373660.71995289257,88093.94707072574,349047.52,483936.4787,0.6626700549826622,8.333514780291965,106,219861.6857,120.10950983079812,0.23575918571754545
47941,Tahuya,WA,"Shelton, WA",Mason County,16568,331981.4234,751958.1806,535566.4350537191,146748.16294510124,491791.8204,687238.4235,0.6119450104917517,8.587849862610168,97,331981.4234,107.01110817033745,0.2740055263739258
47957,Tekoa,WA,"Pullman, WA",Whitman County,23613,193626.9197,392826.2807,290987.9438314049,78790.83659236704,274271.5437,379766.5529,0.5129431522099643,7.725081443025314,83,206248.8712,84.13024550895094,0.27077010667499524
48024,Toutle,WA,"Longview, WA",Cowlitz County,19897,310463.577,707328.1842,514479.1551338843,139834.70405672476,473918.0163,699437.7543,0.6816694926959178,8.986756835711965,103,310463.577,125.28818390184304,0.2717985804893013
48045,Trona,CA,"Riverside-San Bernardino-Ontario, CA",San Bernardino County,20220,82722.75086,170861.509,128579.57954247933,22335.607951920592,126757.0088,122978.5535,0.3522447881648022,5.59047358240637,67,82722.75086,48.66352027887579,0.17371038256149757
48047,Truckee,CA,"Truckee-Grass Valley, CA",Nevada County,3213,1086362.279,2212383.554,1518195.5998016528,366122.65093098424,1277177.259,1862124.402,0.44508496258650543,6.785569835796265,81,1102920.575,68.83576607499593,0.2411564432006106
48052,Tumwater,WA,"Olympia-Lacey-Tumwater, WA",Thurston County,3286,329612.261,662320.8618,498797.7990330578,116605.83737804287,466801.4581,639812.0709,0.556427092497613,7.469654286622456,105,329612.261,94.11051911688445,0.23377376083873783
48066,Twin Bridges,CA,"Sacramento-Roseville-Folsom, CA",El Dorado County,28570,387750.5038,617007.4788,499593.65778760327,59329.16459225571,481375.4167,530540.5049,0.25433572660873455,3.2626767829706655,73,392997.4931,34.9984450829567,0.11875483939285483
48079,Umatilla,OR,"Hermiston-Pendleton, OR",Umatilla County,9164,178759.8398,360277.1312,270264.53938264464,66284.84981638013,250336.3736,359306.5505,0.5830051319208578,7.843077627936035,100,179204.6484,100.50068662169815,0.2452591448652205
48099,University Place,WA,"Seattle-Tacoma-Bellevue, WA",Pierce County,1784,425565.0471,880465.8012,658771.0049099174,161679.71079862386,617440.4965,858697.1818,0.5894214919319288,8.00364919338691,105,425565.0471,101.77812713980288,0.2454262704241704
48103,Upper Lake,CA,"Clearlake, CA",Lake County,12503,395626.633,663458.1031,520451.96128181816,64650.81085341883,512188.2018,513065.4072,0.22115591759097813,2.843461622516017,70,395626.633,29.68424378042316,0.12422051536551176
48208,Valleyford,WA,"Spokane-Spokane Valley, WA",Spokane County,13240,493861.7103,1069587.667,773040.6139421487,201215.77318040762,711373.3244,980351.6074,0.5769040136390362,8.002067946205068,99,493861.7103,98.50731226044597,0.26029133470012716
48215,Vancouver,WA,"Portland-Vancouver-Hillsboro, OR-WA",Clark County,65,353564.9985,689872.3131,535236.2180247933,115126.63549663118,495350.879,679208.4165,0.5475317753655229,7.160135519416071,103,353564.9985,92.10284371517055,0.21509500220573313
48310,Walla Walla,WA,"Walla Walla, WA",Walla Walla County,1385,334224.2284,650854.9417,491861.6130446281,117548.76349966001,445452.8428,650854.9417,0.558942231911239,7.471888920352338,105,334224.2284,94.73601444628241,0.23898747204936777
48321,Walterville,OR,"Eugene-Springfield, OR",Lane County,19717,478354.6402,839035.8965,668120.1425454546,127354.13389082273,618484.0533,811017.1842,0.4428042950028387,5.890405767972543,99,478354.6402,69.54307872103296,0.19061561803183982
48424,West Hollywood,CA,"Los Angeles-Long Beach-Anaheim, CA",Los Angeles County,1721,1436860.25,2165888.736,1856027.1651157024,215206.13518682093,1913960.443,1880964.21,0.16984206368887395,3.0924695844346353,62,1545024.832,21.743299592481893,0.11594988437219628
48458,Westport,WA,"Aberdeen, WA",Grays Harbor County,17096,241823.837,490629.365,360166.7851719008,88776.09881693922,321910.0752,450619.2784,0.5234967348355537,7.285430510641771,92,241823.837,86.34196032544136,0.2464860794272522
48474,White City,OR,"Medford, OR",Jackson County,4526,275197.8713,523116.066,407567.3157123967,81310.72477441745,384378.7539,492208.0108,0.48804296988855833,6.517962475693858,91,275197.8713,78.85603855686509,0.19950256470466107
48521,Wilsonville,OR,"Portland-Vancouver-Hillsboro, OR-WA",Clackamas County,2498,526218.7457,908905.0885,725713.5967066116,129245.62472710342,661029.9476,880291.9237,0.43151253796833494,5.5223866680429,95,526218.7457,67.28631028318763,0.17809453386795823
48569,Woodland,CA,"Sacramento-Roseville-Folsom, CA",Yolo County,810,442900.2528,761110.7164,606701.8867719008,101299.95032220647,572981.1768,718645.2862,0.406040609142093,5.496934992242992,94,442900.2528,62.25894694273698,0.16696824673019647
48611,Zillah,WA,"Yakima, WA",Yakima County,7379,265954.9425,550335.1847,408111.3431140496,98743.67457738092,382933.4921,549924.1616,0.6089734854209767,7.994029193099004,108,265954.9425,106.77343178158833,0.24195278137561177
48622,Cannon Beach,OR,"Astoria, OR",Clatsop County,25686,726062.8685,1574026.663,1096005.4686966941,319783.73601073126,926505.1765,1574026.663,0.6517197465872584,8.84077463492157,93,726062.8685,116.7893072747047,0.2917720259106001
48638,Amity,OR,"Portland-Vancouver-Hillsboro, OR-WA",Yamhill County,11509,555889.9344,1021754.996,800375.0706694215,158255.19109214906,743138.3916,997673.741,0.49093458290079484,6.585302840922832,102,555889.9344,79.47325167469339,0.1977262872015577
48646,Black Diamond,WA,"Seattle-Tacoma-Bellevue, WA",King County,7114,551824.9154,1166906.283,861045.6330024793,209825.59186597803,768713.6441,1143697.807,0.6129709534216287,8.154304827065674,100,551824.9154,107.25737006111267,0.24368695899927276
48714,Bonanza,OR,"Klamath Falls, OR",Klamath County,15578,282383.4637,549683.1654,417575.89630330575,90080.08896378963,378338.1757,511893.8079,0.5008458582464282,6.783712268575288,94,282383.4637,81.27612757233842,0.21572147664950486
48738,Boulevard,CA,"San Diego-Chula Vista-Carlsbad, CA",San Diego County,17890,395932.7072,688296.2571,551510.601292562,87361.60716128291,529390.8238,629472.8871,0.3900139024066164,5.307244911025302,85,395932.7072,58.98481627132421,0.1584042209823993
48769,Chewelah,WA,"Spokane-Spokane Valley, WA",Stevens County,8732,269816.2338,525482.3682,403540.18110330583,95367.05370772605,382269.2277,522804.8156,0.554752930821325,7.300374150363154,105,269816.2338,93.76329149547264,0.2363260418008094
49098,Gasquet,CA,"Crescent City, CA",Del Norte County,20350,334921.864,569210.6435,466288.7390123967,75450.85115575248,450309.5078,558901.9557,0.4297953874378434,5.194235254162245,95,334921.864,66.87532698671474,0.16181143751306964
49133,Homewood,CA,"Sacramento-Roseville-Folsom, CA",Placer County,25009,1427743.1,2672684.047,1851387.1364545454,396117.13544601627,1594516.237,2159355.393,0.32918431978023033,5.266795231459804,73,1469053.386,46.98957938346839,0.2139569448476297
49139,Elverta,CA,"Sacramento-Roseville-Folsom, CA",Sacramento County,7591,414341.1262,747506.0678,590955.4495727273,109956.10582401008,549892.996,732558.4215,0.4794708994321652,6.299281066939116,89,414341.1262,76.80079894999331,0.18606496632446753
49145,Glenbrook,NV,"Gardnerville Ranchos, NV",Douglas County,17422,3573526.541,7484441.408,5000069.81270248,1173482.2114988847,4354461.58,5368557.127,0.3473340914530636,6.14081455588286,76,3584855.834,49.75656973657816,0.2346931653869511
49205,Lamont,CA,"Bakersfield, CA",Kern County,4534,147719.82,311478.9524,221933.18935619833,53934.27020232066,201293.068,311478.9524,0.6248132744962054,8.03771189389807,109,147719.82,110.85792847567781,0.24302029975227019
49259,Dinuba,CA,"Visalia, CA",Tulare County,1903,244822.5737,445561.953,348506.7343471074,68222.66046911135,325146.7076,444917.4553,0.5005146553185088,6.626768235739112,102,244822.5737,81.73056862198976,0.19575707940599682
49269,Ferndale,CA,"Eureka-Arcata, CA",Humboldt County,11277,707794.7546,1055261.979,871583.6594198347,88037.09248806804,882428.3809,707794.7546,-0.028644331447751453,0.4304839355707659,60,736708.5441,-3.9247256912599817,0.10100819529667351
49278,Gualala,CA,"Ukiah, CA",Mendocino County,13750,814971.3734,1265914.916,996738.8783396694,127725.82198371958,976650.499,937973.2277,0.11795472674809634,2.1643013352224125,65,818292.5888,14.625653530054311,0.1281437142258166
49384,Earlimart,CA,"Visalia, CA",Tulare County,5735,158784.5079,314607.7547,235617.0052785124,50807.09461598802,217467.1707,314607.7547,0.5737185934300123,7.534548861659566,102,158784.5079,98.13504406748234,0.21563424319026214
49483,Mountain Center,CA,"Riverside-San Bernardino-Ontario, CA",Riverside County,14213,534254.829,932052.4579,723085.9956099173,149144.26022636937,655187.839,924191.35,0.4489548131614742,6.208937743594907,88,541671.9934,70.61826368370625,0.20626075063252658
49493,Pacific Beach,WA,"Aberdeen, WA",Grays Harbor County,27310,682726.1352,1382121.943,1009061.8191644629,244506.94558078187,880787.6156,1301874.471,0.5434222982058468,7.451570191636458,87,682726.1352,90.68765700885679,0.24231116561643554
49497,Raymond,CA,"Madera, CA",Madera County,17520,504146.7535,778644.6477,632283.9150239669,84747.02217058543,607922.4146,705908.1799,0.27631168931826494,3.941928438882064,71,509818.929,38.462528506861304,0.1340331774332312
49529,Mapleton,OR,"Eugene-Springfield, OR",Lane County,19945,320508.308,578453.9502,461147.1586181818,87264.43334623284,443502.2935,557877.7968,0.4647057016862738,5.948861853037019,93,320508.308,74.06032320385279,0.18923337532365797
49578,Richgrove,CA,"Visalia, CA",Tulare County,18984,146631.5486,294480.1238,219422.32649173553,46750.14789782367,206905.7926,293498.3785,0.58215803641774,7.480302306613083,103,146631.5486,100.16045748834162,0.21306012312099198
49580,Rickreall,OR,"Salem, OR",Polk County,18649,824994.046,1580912.298,1213737.003214876,208498.50820498855,1183316.57,1343203.168,0.41103626009739697,5.808825119383756,76,827048.5735,62.409223718950045,0.17178227874138288
49611,Newark,CA,"San Francisco-Oakland-Berkeley, CA",Alameda County,1255,900816.219,1720635.962,1325647.7302950413,231011.96401736134,1290478.392,1590510.211,0.4807125095005443,6.339092437836216,84,900816.219,76.5632298190226,0.17426346286275193
49649,Rio Dell,CA,"Eureka-Arcata, CA",Humboldt County,11394,326083.2825,506216.3688,417393.5323338843,43489.6223380354,423117.1686,392360.9812,0.15709765794087402,2.3462332381739173,72,326083.2825,20.325389940835134,0.10419333067970704
49686,North Bonneville,WA,"Portland-Vancouver-Hillsboro, OR-WA",Skamania County,15131,297685.645,604571.6099,463457.3352396694,105622.42360194505,437477.7015,595381.4496,0.5818485544891704,7.72018763679952,98,297685.645,100.00341286191346,0.22790107216087999
49691,North Plains,OR,"Portland-Vancouver-Hillsboro, OR-WA",Washington County,7886,493987.7132,900816.6943,701284.3815561984,119390.42927255319,669803.3133,816341.0148,0.42194913938205847,5.54354258747697,90,493987.7132,65.25532781206834,0.1702453846292963
49694,Pioneer,CA,"Sacramento-Roseville-Folsom, CA",Amador County,8347,294756.6435,500553.999,404482.36123223143,58479.53907537679,386320.6119,447302.2741,0.350733818796814,4.643380365495086,79,294756.6435,51.753076296650114,0.14457871264700484
49856,Stinson Beach,CA,"San Francisco-Oakland-Berkeley, CA",Marin County,25432,4592942.196,7261486.398,5686031.728289257,646682.1081262314,5541692.603,5580241.096,0.15826353279249916,2.714766225496936,68,4657586.544,19.80971353476154,0.11373170939388991
49914,Winston,OR,"Roseburg, OR",Douglas County,7253,218290.3126,423279.9963,322629.7961371901,72406.61630473445,300183.0741,420836.6188,0.5500151502287121,7.110211329594467,107,218290.3126,92.78758355674277,0.2244263151502144
49921,Sunnyside,WA,"Yakima, WA",Yakima County,2610,201773.8833,442318.5457,327404.14833884296,83540.83897004875,314553.0132,439508.6129,0.6524768951925797,8.471802124041556,108,201773.8833,117.8223493109527,0.2551612109801039
50027,Shelton,WA,"Shelton, WA",Mason County,1756,293331.9203,669582.0388,489359.20056942146,133562.54488750632,459434.3515,641034.4393,0.656552333583599,8.961891034090378,104,293331.9203,118.53552066355186,0.27293355214756787
50048,Tomales,CA,"San Francisco-Oakland-Berkeley, CA",Marin County,23420,1354308.752,2070044.158,1598443.655520661,188046.15572492467,1526699.424,1544343.937,0.11526655850988275,2.110438694862962,55,1356900.316,13.814104012634026,0.11764328074715427
50065,Sisters,OR,"Albany-Lebanon, OR",Linn County,6855,672342.5668,1350986.755,970300.9026355372,255180.11263543673,815304.6329,1296926.912,0.5542744633770145,7.883987025815367,96,672342.5668,92.89674282749874,0.2629906990113221
50107,Wellington,NV,"Gardnerville Ranchos, NV",Douglas County,11113,412093.564,778856.0859,591897.1025793388,124267.12439936318,567657.1875,750020.1586,0.5030600263925236,6.640239035179905,101,412093.564,82.00239560159692,0.20994717469951835
50247,Saint Helens,OR,"Portland-Vancouver-Hillsboro, OR-WA",Columbia County,3566,278094.3576,555120.8624,436139.6835082644,89942.15901321726,416790.4019,543398.4225,0.5614789012423999,7.171232371582297,104,278094.3576,95.40073635064647,0.2062232867455019
50284,Toledo,OR,"Newport, OR",Lincoln County,7979,242486.5269,549252.7888,402803.7016797521,112853.57586856512,356255.0542,540576.6798,0.6727327708601085,9.045797088117915,102,242486.5269,122.93060431474225,0.2801701558301195
50308,Kyburz,CA,"Sacramento-Roseville-Folsom, CA",El Dorado County,28581,341651.8177,526844.0741,436509.29423884297,48544.86299269826,420501.0322,461212.5104,0.2527255702668263,3.334596425045442,74,341874.0706,34.90713396033728,0.11121152203035606
50350,Camino,CA,"Sacramento-Roseville-Folsom, CA",El Dorado County,8799,462903.6096,757618.9002,614275.3159049586,91451.81229236956,580763.9007,719168.1376,0.3707397152383375,4.848500686341902,82,462903.6096,55.36023541087548,0.14887756340598113
50453,Orosi,CA,"Visalia, CA",Tulare County,4938,205443.1658,394493.7718,299419.9514677686,62289.9733014971,275159.4711,393334.5862,0.5444875695919824,7.187190823087551,102,205443.1658,91.45664187384716,0.2080354799209243
50478,Pescadero,CA,"San Francisco-Oakland-Berkeley, CA",San Mateo County,16062,2056434.815,3332765.533,2630929.2032975205,323602.26331861765,2615484.616,2056434.815,-0.10851684758985959,-0.7332970381736915,61,2363927.597,-13.007707274547297,0.122999228908564
50550,Stevinson,CA,"Merced, CA",Merced County,14936,665922.8326,1062205.555,838383.8967867768,119705.62766572103,773042.3655,949930.6614,0.2919695290609276,3.9417659914300236,68,674252.3289,40.88652284668438,0.14278140136578188
50616,Coachella,CA,"Riverside-San Bernardino-Ontario, CA",Riverside County,1443,236264.3619,526863.0657,379994.2030933884,100765.72365828836,335965.187,521130.0816,0.6635648360524395,8.665696443771008,108,236264.3619,120.57075278266926,0.2651770022752792
50677,Alhambra,CA,"Los Angeles-Long Beach-Anaheim, CA",Los Angeles County,624,695231.3882,1196379.442,948838.5433512396,165414.15689953737,904093.8851,1166709.375,0.3833619032876706,5.708420756427046,74,741245.806,57.398445368067286,0.17433330260310115
50699,Alsea,OR,"Corvallis, OR",Benton County,14672,398060.8762,714092.6331,558697.6487471075,106225.61051170068,546532.2309,640685.2005,0.399964862025155,5.379143903907232,82,398060.8762,60.95156263940316,0.19013076348166866
50742,Apple Valley,CA,"Riverside-San Bernardino-Ontario, CA",San Bernardino County,603,301401.2646,559196.2258,429044.52208099177,92752.19481160303,383104.7679,552063.7466,0.5084660797149669,7.053200524413423,92,301401.2646,83.165703479268,0.21618314659217108
50749,Arcadia,CA,"Los Angeles-Long Beach-Anaheim, CA",Los Angeles County,830,1601980.575,2303355.264,1930888.612107438,211085.64869417052,1870930.805,2272492.186,0.14310379686660593,3.099658116143618,73,1930881.038,17.691983155722525,0.10932046901648274
50774,Arvin,CA,"Bakersfield, CA",Kern County,2886,186836.0226,353398.8614,266385.6548471074,56964.220435212876,245260.7485,353125.2234,0.533130209191322,6.876770805236574,110,186836.0226,89.00275144264393,0.21384117124440355
50797,Atwater,CA,"Merced, CA",Merced County,1564,341476.5481,626244.0893,487297.16459999996,97638.68806085111,445682.21,613832.1734,0.4922332753177441,6.515349957488153,97,341476.5481,79.75822258231383,0.20036785590779757
50800,Auburn,CA,"Sacramento-Roseville-Folsom, CA",Placer County,1299,591295.6133,1016684.286,796898.586214876,133878.17200721425,748729.6602,927742.3191,0.37527872526892214,5.114812614295424,86,593760.3684,56.24860945165096,0.16799900805836704
50849,Banning,CA,"Riverside-San Bernardino-Ontario, CA",Riverside County,1809,278208.6051,513212.8134,398674.43104049587,81267.42162405192,360599.7888,498870.5974,0.4901292520177511,6.486560981627826,92,278208.6051,79.31530091266758,0.2038440775144596
50889,Battle Ground,WA,"Portland-Vancouver-Hillsboro, OR-WA",Clark County,1669,435710.0383,888383.5719,673607.890007438,156161.32667019893,617604.9607,878807.5679,0.5885170687516144,7.726279286138887,102,435710.0383,101.69550633463106,0.23182823269554428
50922,Beaux Arts Village,WA,"Seattle-Tacoma-Bellevue, WA",King County,24987,2075746.335,4680851.039,3191116.555280992,730832.2437298516,2815043.404,3971215.205,0.5491867685105675,7.306635470735296,84,2075746.335,91.31505319507166,0.22902085557495364
50950,Bellingham,WA,"Bellingham, WA",Whatcom County,331,481565.9572,1023503.63,761297.2876264462,191939.61807085737,704606.8421,1013995.704,0.625095828292386,8.395482357729279,104,481565.9572,110.56216471275103,0.2521217679223342
50962,Bend,OR,"Bend, OR",Deschutes County,308,601147.8007,1318680.639,927563.2180677686,242909.27413627802,807811.2633,1185293.191,0.5730974663091569,8.00066855790176,93,601147.8007,97.17167552136068,0.26187894194671574
51000,Biggs,CA,"Chico, CA",Butte County,12100,304319.5514,593341.2057,457245.3935181818,88257.83079179196,464995.7994,539014.5282,0.4798811751802558,6.229166718941009,93,304575.1571,76.9725848070489,0.1930207106357267
51050,Bly,OR,"Klamath Falls, OR",Klamath County,27361,200552.0798,447705.4236,320476.16948925616,86146.57061034213,279043.948,439592.6515,0.660857286833691,8.802911382492955,94,200552.0798,119.19127038641659,0.26880803882433496
51095,Boulder City,NV,"Las Vegas-Henderson-Paradise, NV",Clark County,4055,421036.1605,730486.2749,562807.6604140495,108645.89867023475,519276.5398,730486.2749,0.4626241553499534,6.107411480741774,100,421036.1605,73.4972772962098,0.19304267925263405
51158,Brookings,OR,"Brookings, OR",Curry County,5196,416746.7105,765350.8392,595828.8697330578,122055.51295204328,547243.329,732799.8975,0.4736069478510424,6.4326926402867945,95,416746.7105,75.83819596819589,0.2048499479501998
51176,Buckley,WA,"Seattle-Tacoma-Bellevue, WA",Pierce County,3407,418517.0505,900818.1795,672425.0412702479,166798.08205781682,626425.3312,893069.9491,0.6361934731613339,8.375065037554645,106,418517.0505,113.38914341316662,0.24805453667032695
51179,Bucoda,WA,"Olympia-Lacey-Tumwater, WA",Thurston County,26486,161203.6273,423466.5076,305459.72017768596,94517.0044365961,296052.3729,417995.1135,0.8003120529479537,10.805762855317509,103,161203.6273,159.29634494024813,0.3094254272923957
51193,Burlington,WA,"Mount Vernon-Anacortes, WA",Skagit County,4291,328795.5222,717716.5404,533927.6354115703,132603.71156464165,500379.6043,714327.8867,0.6508242592446336,8.432651436077057,107,328795.5222,117.25596562884093,0.2483552128977666
51239,Camarillo,CA,"Oxnard-Thousand Oaks-Ventura, CA",Ventura County,613,835742.135,1362310.619,1072338.288361157,182721.67474815535,968363.1252,1359791.37,0.4085963336940638,5.336457732401458,100,835742.135,62.704656502690284,0.1703955521605098
51274,Carmel Valley,CA,"Salinas, CA",Monterey County,8065,1371477.265,2419160.545,1859836.2800413223,344245.2927819562,1659492.191,2281768.204,0.423506962842684,5.5546825816498755,84,1380887.009,65.23931278435249,0.18509440668310206
51277,Carnelian Bay,CA,"Sacramento-Roseville-Folsom, CA",Placer County,20793,1122427.048,2372004.013,1582969.9901983473,375648.3180865721,1341911.864,1893584.036,0.42488968776207464,6.359622285932993,76,1152341.93,64.3248402841681,0.23730602627501682
51300,Cashmere,WA,"Wenatchee, WA",Chelan County,6273,393016.1374,775957.0834,605322.4786834711,133997.14800477412,590459.8032,764275.7788,0.5579435292281109,7.230716957076953,99,393016.1374,94.46422323929744,0.22136489676743445
51338,Centralia,WA,"Centralia, WA",Lewis County,2104,238990.4497,547195.5331,401489.1978132232,111294.2162140106,379683.0071,547195.5331,0.6947610063309545,9.246551379884828,110,238990.4497,128.96125505721412,0.27720351337020477
51405,Chula Vista,CA,"San Diego-Chula Vista-Carlsbad, CA",San Diego County,96,564188.6133,1105783.448,803804.149823967,186502.14862680325,701501.3372,1091428.759,0.5545331826618708,7.39535410652541,101,564188.6133,93.45104336936467,0.2320243664674376
51414,Citrus Heights,CA,"Sacramento-Roseville-Folsom, CA",Sacramento County,570,323100.11,601039.1544,467944.8210157025,87168.83101248452,442058.3985,564310.9292,0.468298346816573,6.203628528752479,99,323100.11,74.65513372929524,0.1862801490638988
51518,Concord,CA,"San Francisco-Oakland-Berkeley, CA",Contra Costa County,298,623778.3727,1075103.314,841433.5013471075,135734.7657970442,784713.4615,958650.0294,0.36229854356082736,4.918159939457771,79,623778.3727,53.68439679152731,0.16131371710270306
51562,Coupeville,WA,"Oak Harbor, WA",Island County,7916,488729.9509,1022810.476,756924.3812198347,173433.84883284278,684103.7297,963816.4254,0.5711518758857742,7.410909167419165,93,488729.9509,97.20838136175705,0.22912969001387223
51571,Covington,WA,"Seattle-Tacoma-Bellevue, WA",King County,3106,400050.0838,891226.7277,647668.3846826446,160402.8325120424,591328.741,850405.6841,0.6343469780479156,8.461867434886353,99,400050.0838,112.5748046399984,0.24766197687824343
51609,Crows Landing,CA,"Modesto, CA",Stanislaus County,15903,994055.3129,1764989.931,1315785.2329991735,177617.27959037857,1312042.371,1324666.558,0.24600405979773218,3.5331951234835555,68,998122.505,32.71582910556655,0.13498956754934957
51617,Culver City,CA,"Los Angeles-Long Beach-Anaheim, CA",Los Angeles County,1507,1028985.283,2037911.754,1612149.551231405,325548.02269814565,1622029.804,1886574.855,0.45528631455221624,6.928521964965125,73,1106389.512,70.51633575138226,0.20193413349864656
51636,Dallas,OR,"Salem, OR",Polk County,2699,329072.3156,668062.8074,513465.4438471074,117839.35884379836,477328.907,660828.2343,0.5845835978246627,7.709193870140602,104,329072.3156,100.81550558122979,0.2294981293403007
51659,Davis,CA,"Sacramento-Roseville-Folsom, CA",Yolo County,724,780533.046,1232389.374,1011684.4450173554,149075.1205367626,949227.1475,1211553.939,0.3393053938191752,4.769722880948811,86,808800.5954,49.79637081013949,0.1473533780923213
51669,Dayton,OR,"Portland-Vancouver-Hillsboro, OR-WA",Yamhill County,6878,474378.6003,905709.8314,695947.4373214877,151386.20020137684,642698.2563,883833.2484,0.5230007463565505,7.1213664532666305,95,474378.6003,86.3138952391736,0.21752533608575544
51675,Deer Island,OR,"Portland-Vancouver-Hillsboro, OR-WA",Columbia County,15915,395177.9757,778016.6749,602529.9910528925,113016.60681642662,552610.5779,728399.8747,0.5142080135110491,6.675682556593553,89,395177.9757,84.321981357829,0.18757009359639587
51701,Desert Hot Springs,CA,"Riverside-San Bernardino-Ontario, CA",Riverside County,1241,218033.0059,482426.4802,349005.74648677686,95552.11420993663,311072.8157,460722.0189,0.6284129098173904,8.588786863934773,98,218033.0059,111.3083828745215,0.2737837848568402
51733,Dos Palos,CA,"Merced, CA",Merced County,5842,263811.9951,562231.3483,419066.6095983471,95054.3297855837,388165.6734,523709.4691,0.5765328090335596,7.597883807631306,93,263811.9951,98.51617016181687,0.22682391679138594
51751,Dublin,CA,"San Francisco-Oakland-Berkeley, CA",Alameda County,886,1055394.544,2057971.376,1467987.8263966942,333929.5939855669,1261105.949,1922080.044,0.5083645059921489,7.181410057233924,79,1055394.544,82.11957366343937,0.22747436183120578
51771,Durham,OR,"Portland-Vancouver-Hillsboro, OR-WA",Washington County,20774,547850.4238,968818.342,761813.9656454545,144805.58711816766,696884.3581,966328.9104,0.47608011019970076,5.912408586149878,97,547850.4238,76.38553671225618,0.19007998494157255
51777,Eagle Point,OR,"Medford, OR",Jackson County,3858,411273.1647,709369.5169,563734.675846281,93807.85143391199,523062.8394,659754.2139,0.39704242588265815,5.28185797261116,91,411273.1647,60.417520647439396,0.16640425975763726
51834,Eatonville,WA,"Seattle-Tacoma-Bellevue, WA",Pierce County,5510,399652.8828,887843.8704,658120.2170380165,173909.77446211103,621491.4247,880132.8881,0.662797130773175,8.799964198635893,103,399652.8828,120.2243311580086,0.26425229002206
51852,Edgewood,WA,"Seattle-Tacoma-Bellevue, WA",Pierce County,4897,468840.2405,965179.3185,733721.5803636364,170864.7036446017,707334.4655,958356.369,0.5996771321458552,7.878427208016749,107,468840.2405,104.41000712267143,0.2328740331719836
51861,El Monte,CA,"Los Angeles-Long Beach-Anaheim, CA",Los Angeles County,387,556347.7343,923209.0273,738500.0304173554,124575.74546849549,696054.7866,903938.0574,0.3823089430333327,5.472590483658213,79,574032.4672,57.47159072886673,0.1686875292315057
52041,Florence,OR,"Eugene-Springfield, OR",Lane County,6776,287681.7537,568335.1091,432960.8615049587,102705.18402608171,396050.4896,563326.7973,0.5633018751609483,7.473391346958558,103,287681.7537,95.81596331877476,0.23721586211991919
52061,Fort Bragg,CA,"Ukiah, CA",Mendocino County,4085,599316.8221,954555.0213,766637.0870636364,95483.63778405076,763483.4312,738092.3019,0.1770231085802293,2.6915367024652403,78,599316.8221,23.155612304312122,0.1245486807190231
52098,Fox Island,WA,"Seattle-Tacoma-Bellevue, WA",Pierce County,16719,850387.4263,1833908.108,1338590.6203561984,339113.75854834536,1219202.35,1763427.321,0.6128348409976545,8.222254166859756,103,850387.4263,107.36752055149712,0.25333642219763003
52124,French Camp,CA,"Stockton, CA",San Joaquin County,7569,432131.9047,853415.6426,647487.4135603306,126612.80620777572,622610.2682,770254.8991,0.4879174092811561,6.5686495923973585,81,432131.9047,78.24532063531295,0.19554481454947753
52283,Grand Coulee,WA,"Wenatchee, WA",Douglas County,13364,254617.0308,472552.315,360142.4994479339,84146.78172769098,335463.1817,464343.9158,0.5041039787671661,6.728831273049465,90,254617.0308,82.36954312955565,0.23364857481880208
52423,Harrah,WA,"Yakima, WA",Yakima County,19474,222958.8586,456784.6906,349441.9733512397,83942.09019082578,338848.0981,454633.4148,0.5975027626784706,7.909900170037421,103,222958.8586,103.90910576719288,0.24021753708004576
52481,Helendale,CA,"Riverside-San Bernardino-Ontario, CA",San Bernardino County,7843,269821.8952,475604.5271,371189.4816396694,75455.11176672704,331982.5329,457512.7279,0.4435251409501609,6.254996928170469,87,269821.8952,69.56100896144027,0.20327922933973322
52547,Hollister,CA,"San Jose-Sunnyvale-Santa Clara, CA",San Benito County,1050,657104.6392,1134830.086,879999.0201719007,126622.38154987192,836269.8277,957958.3526,0.3176294403489131,3.9757964817764417,84,657104.6392,45.78474955926015,0.14388923015520774
52650,Irvine,CA,"Los Angeles-Long Beach-Anaheim, CA",Orange County,85,1132461.229,2444459.614,1556769.9381074382,407393.23242757877,1324046.268,2433674.236,0.61073993275869,8.633257690995341,85,1178741.81,106.46372389217278,0.2616913536516808
52658,Ivanhoe,CA,"Visalia, CA",Tulare County,10181,158153.096,335400.0688,244797.19319504133,57390.999368777986,227544.2475,335400.0688,0.602733246886952,8.219285700452357,102,163523.8323,105.10775957395416,0.23444304495375445
52735,Keizer,OR,"Salem, OR",Marion County,1845,285471.0638,569083.1458,441536.4915553719,95052.19564850941,419769.6861,550681.33,0.5505959800602332,7.231897120319123,99,285471.0638,92.90267905604797,0.21527596804892665
52747,Kennewick,WA,"Kennewick-Richland, WA",Benton County,459,302806.643,608476.9724,470597.98498347105,108015.92418831892,457304.1688,607550.5951,0.5834760446066731,7.729686956605982,100,302806.643,100.6397842137169,0.22952908349599668
52752,Kentfield,CA,"San Francisco-Oakland-Berkeley, CA",Marin County,6811,3433955.905,4992533.792,4029830.9282231405,443167.6097132449,3772293.374,4337984.193,0.19405236008424329,2.6615314913510733,66,3455416.559,25.541569849263436,0.10997176248995867
52835,Ladera Ranch,CA,"Los Angeles-Long Beach-Anaheim, CA",Orange County,2731,1122344.072,2310313.865,1553811.1261900826,422900.4195903462,1285891.577,2293693.135,0.592789489921698,8.412150339346434,94,1134746.273,102.13268724258675,0.27216977177096846
52842,Laguna Beach,CA,"Los Angeles-Long Beach-Anaheim, CA",Orange County,3322,2912599.839,5187407.194,4025871.5420661154,795244.9039221279,3651989.841,5087772.999,0.36321655383942414,5.999372053748341,71,3326417.462,52.950525817074976,0.19753360126190234
52852,Lake Elsinore,CA,"Riverside-San Bernardino-Ontario, CA",Riverside County,660,356431.1895,682716.6633,516866.34117190086,119049.45835561166,454334.7687,673135.5515,0.5340745445941117,7.257805996172842,102,356431.1895,88.85427856194947,0.23032929187396603
52871,Lakeport,CA,"Clearlake, CA",Lake County,4850,385864.712,633258.2556,512076.7787793388,66108.54133750702,499022.1806,551939.0936,0.3014501730851228,3.881800330457325,80,385864.712,43.03953599156795,0.1290988853177311
53025,Logandale,NV,"Las Vegas-Henderson-Paradise, NV",Clark County,12070,357873.5075,701177.0029,525640.7069801653,113668.97770948608,490740.697,701177.0029,0.5638830548758254,7.265414417372736,104,357873.5075,95.92872571043833,0.21624843015397455
53027,Lomita,CA,"Los Angeles-Long Beach-Anaheim, CA",Los Angeles County,3043,686099.6401,1220052.987,952272.9807173553,184350.99356196084,890311.3415,1177662.589,0.4357575279055117,6.246658194050848,80,702097.2705,67.73496187520072,0.19359049064175662
53033,Longbranch,WA,"Seattle-Tacoma-Bellevue, WA",Pierce County,23493,477342.1166,1032105.296,772678.1251570247,197683.05943632868,733597.8155,1011211.112,0.6305994142870422,8.49088619287439,101,477342.1166,111.8420053111232,0.25584140795516275
53086,Lynden,WA,"Bellingham, WA",Whatcom County,2859,437064.6237,867746.2649,661999.2787181819,153581.2880298981,615186.6116,864922.0766,0.5724792215329659,7.613754639325604,106,437064.6237,97.89340745035459,0.23199615613973928
53147,Manson,WA,"Wenatchee, WA",Chelan County,10582,645544.0029,1330075.794,1000710.4517123967,248251.9644759076,904474.7143,1307503.599,0.5928529147982697,7.917707034733576,100,645544.0029,102.54290848125855,0.24807571865678385
53148,Manteca,CA,"Stockton, CA",San Joaquin County,529,420115.7475,819892.5548,608846.3305198346,127044.9192057765,552220.4755,743431.83,0.48049195932742494,6.593830267430802,98,420115.7475,76.95881061920916,0.2086649994216196
53162,Marina del Rey,CA,"Los Angeles-Long Beach-Anaheim, CA",Los Angeles County,4262,2123338.612,4135413.598,2934218.627512397,473583.2540188631,3089313.742,2547195.339,0.0987765927403229,2.5210851789629105,57,2311795.368,10.182560890051944,0.16140012525936506
53278,Merlin,OR,"Grants Pass, OR",Josephine County,11256,402553.3907,714918.2489,559081.8537049587,99346.81393348976,525166.2535,656602.8689,0.4109934140130955,5.406380674090001,93,402553.3907,63.10951145094902,0.1776963664177831
53319,Milford,CA,"Susanville, CA",Lassen County,27250,346451.1669,512649.3475,422683.1487644628,45745.97455626642,405288.9532,433922.8162,0.19082892161363532,2.532434905543878,62,346451.1669,25.247901481379014,0.10822758061206277
53323,Mill City,OR,"Albany-Lebanon, OR",Linn County,14298,232946.7974,503313.7065,380949.16175785125,92670.60894426069,362409.5739,496173.6949,0.6340881732869282,8.32045978575868,100,232946.7974,112.99871920883508,0.24326240413981112
53327,Millbrae,CA,"San Francisco-Oakland-Berkeley, CA",San Mateo County,2726,1805460.56,2774817.024,2276034.951553719,242610.88733735238,2271304.607,2591141.022,0.3063899930983982,3.6303178389165587,83,1805460.56,43.51689975437624,0.10659365629325498
53424,Moss Beach,CA,"San Francisco-Oakland-Berkeley, CA",San Mateo County,12875,1215391.2,2090883.768,1690640.844338843,237988.812681359,1623384.882,2004372.038,0.42120477454636673,4.972600927274183,91,1215391.2,64.91579320304443,0.1407684035780107
53428,Mount Angel,OR,"Salem, OR",Marion County,9790,320681.8961,618789.4736,484620.0850785124,102051.94803133521,458770.1556,605464.3475,0.5324659829255806,6.949536815655516,102,320681.8961,88.80527864634888,0.21058134232055606
53467,Murphys,CA,"Sonora, CA",Calaveras County,9787,486763.8993,760934.1227,614775.1478652892,82349.97139143858,578495.375,679856.4669,0.28138473513541096,3.873357905191606,78,486763.8993,39.668629468553526,0.13395136689793985
53487,National City,CA,"San Diego-Chula Vista-Carlsbad, CA",San Diego County,1007,426649.8493,812006.74,628392.9388347107,125411.68943208922,582174.348,790148.7122,0.5173358805529553,6.671271253017014,97,426649.8493,85.19840414719208,0.19957526840554912
53563,Newcastle,WA,"Seattle-Tacoma-Bellevue, WA",King County,5084,873045.8539,2090241.852,1417914.3427231405,380656.3833112502,1233146.14,1945487.081,0.6774464548344792,9.277718461895626,92,873045.8539,122.8390493247608,0.26846218550846307
53568,Newman,CA,"Modesto, CA",Stanislaus County,4427,272698.763,549982.6689,422097.3142983471,94353.00964806817,395888.3345,536778.273,0.5680182956616092,7.435341312969602,107,272698.763,96.83927682502912,0.2235337834473344
53570,Newport,OR,"Newport, OR",Lincoln County,5539,365728.8679,713823.6383,535280.7247520661,133586.35348074,470134.1303,700622.2175,0.5455506360066341,7.455921255567594,99,365728.8679,91.56874914549232,0.24956316807898357
53571,Newport Beach,CA,"Los Angeles-Long Beach-Anaheim, CA",Orange County,588,3280744.916,6356354.269,4615800.069280992,1028032.1212094466,4082980.168,6332689.999,0.4612845415938527,7.039929652963331,82,3676696.222,72.23859727946814,0.22272024476345748
53578,Nicasio,CA,"San Francisco-Oakland-Berkeley, CA",Marin County,17548,2375670.087,3485340.212,2779406.338933884,315568.71775406407,2585628.134,2885614.927,0.1565011810748082,2.5321267171203177,64,2406290.293,19.919651232204842,0.1135381730024797
53592,Normandy Park,WA,"Seattle-Tacoma-Bellevue, WA",King County,7363,703202.7369,1462971.85,1078821.4692595042,255136.9321458348,984087.3253,1451090.549,0.6096686969790068,7.993927165366161,97,703202.7369,106.354508146113,0.23649597214723497
53627,Northport,WA,"Spokane-Spokane Valley, WA",Stevens County,25530,210510.9317,451306.642,330347.2757752066,85185.18809964013,308373.8576,451306.642,0.6398433017011934,8.289068039438273,105,210510.9317,114.38632110714278,0.2578655685891189
53636,Norwalk,CA,"Los Angeles-Long Beach-Anaheim, CA",Los Angeles County,439,480848.961,859567.602,665611.1368438017,128797.85638776878,621283.5374,835562.9332,0.4577255830092793,6.384557475793516,86,484732.4344,72.37611389348365,0.19350315711137756
53643,Novato,CA,"San Francisco-Oakland-Berkeley, CA",Marin County,929,984504.0117,1623355.114,1294528.785561157,201842.35774924752,1183669.964,1542889.958,0.3788367281904461,4.8865424184748125,79,984504.0117,56.71748816297891,0.15591955930261694
53646,Nuevo,CA,"Riverside-San Bernardino-Ontario, CA",Riverside County,4304,354889.9023,702110.9042,532632.9631818183,119279.21163525023,486150.571,696806.5101,0.5661199749238351,7.304149958304678,97,354889.9023,96.34441712319182,0.22394260190489446
53655,Oak Park,CA,"Oxnard-Thousand Oaks-Ventura, CA",Ventura County,4449,958089.6558,1568726.17,1234949.639186777,218343.68538905488,1115836.085,1563937.633,0.4091732608082414,5.514484618747544,92,960722.7677,62.787610076538,0.1768037160874315
53718,Olympia,WA,"Olympia-Lacey-Tumwater, WA",Thurston County,676,366022.8283,724559.1738,553224.8795082645,128007.2628949031,517335.2848,717344.4339,0.5644819957380778,7.500794207445026,104,366022.8283,95.98352300366615,0.23138377834468096
53762,Otter Rock,OR,"Newport, OR",Lincoln County,28607,235673.1346,493247.0733,353041.7396975206,87780.89660452782,299505.6977,447166.0952,0.5400084945193783,7.16003018248927,83,235673.1346,89.73995315968442,0.24864169511439868
53780,Pahrump,NV,"Pahrump, NV",Nye County,1435,241087.1498,494623.9763,365873.32656694215,85640.43040574544,352106.3847,464041.2208,0.5497288251446951,7.187526549191675,96,241087.1498,92.47862077466891,0.234071259605956
53784,Pala,CA,"San Diego-Chula Vista-Carlsbad, CA",San Diego County,18500,813632.9509,1430502.747,1102108.0187028926,226819.78053838343,976607.4924,1423459.787,0.4708946240634473,6.25649269385493,95,813632.9509,74.95109870187042,0.20580539900738146
53810,Mount Hood Parkdale,OR,"Hood River, OR",Hood River County,12809,636992.4317,1188630.518,889666.0048256199,182210.99051965523,815218.9764,1043827.842,0.4162009492174513,5.930011682092208,89,636992.4317,63.86817017813557,0.20480830955811302
53925,Pleasant Hill,CA,"San Francisco-Oakland-Berkeley, CA",Contra Costa County,1746,846239.4787,1452354.954,1123015.097929752,190069.5039401192,1034440.399,1333075.983,0.378201467812391,5.226879175076505,75,851811.6637,56.498911650204484,0.16924928639918307
53988,Powers,OR,"Coos Bay, OR",Coos County,25927,179080.6538,341911.0912,266955.12560826447,57596.66827048961,252813.0955,335431.6799,0.5265872310674832,7.168303525560514,91,179080.6538,87.3076029053452,0.21575412024494395
54053,Rancho Palos Verdes,CA,"Los Angeles-Long Beach-Anaheim, CA",Los Angeles County,1560,1494034.097,2628408.624,2031414.9429669422,393998.40292455204,1854745.206,2463265.033,0.3651949770955785,5.834845170391701,68,1603022.452,53.66378867162616,0.1939526950358579
54089,Redmond,WA,"Seattle-Tacoma-Bellevue, WA",King County,455,832908.8022,2219888.614,1437595.4697272729,426227.79257826443,1240996.023,2036679.401,0.757870430277763,10.565475162403159,94,832908.8022,144.52609885024935,0.2964865997102261
54115,Rhododendron,OR,"Portland-Vancouver-Hillsboro, OR-WA",Clackamas County,14880,353234.2841,646199.6385,501684.5695842975,99800.08036902173,456285.7663,641264.5042,0.5001264281893529,6.33850537139936,97,353234.2841,81.54084500429158,0.19892993809181217
54158,Riverbank,CA,"Modesto, CA",Stanislaus County,3043,320129.591,593410.9818,462357.4084694215,93915.42250370637,425091.3918,585809.5169,0.5069369208017709,6.656535337329113,105,320129.591,82.99136767397425,0.20312299702215666
54212,Rosemead,CA,"Los Angeles-Long Beach-Anaheim, CA",Los Angeles County,970,652817.4064,1142867.165,887757.9903966942,161992.4636332133,836953.1033,1131487.566,0.4218130190848412,6.0054743000930655,80,685714.0904,65.00865037496393,0.1824736756926593
54223,Rough and Ready,CA,"Truckee-Grass Valley, CA",Nevada County,15271,486871.4312,805973.4915,639242.9772793389,95207.87934473611,603799.8475,716079.7187,0.32456867516055826,4.247703131959362,83,487177.5242,46.985376609046774,0.14893848306311827
54278,Saint Paul,OR,"Salem, OR",Marion County,18409,498440.4834,1053547.639,800003.0552024794,178948.65963997584,784922.7326,989709.9239,0.575260550527585,7.532138360826971,97,498440.4834,98.56130407965975,0.223684970296375
54288,Salinas,CA,"Salinas, CA",Monterey County,163,539872.029,977022.1813,767448.8769570248,147705.22600920382,707902.2344,967133.8618,0.4889182996793982,6.319408321195578,104,539872.029,79.14131680268991,0.1924626257775799
54296,San Diego,CA,"San Diego-Chula Vista-Carlsbad, CA",San Diego County,8,897109.2582,1771487.473,1273719.2694595042,312702.1069839952,1094609.083,1737922.874,0.5573697742498633,7.766728865891289,93,897109.2582,93.72477299889267,0.24550316108249554
54299,San Marino,CA,"Los Angeles-Long Beach-Anaheim, CA",Los Angeles County,4646,3026610.57,4225596.34,3687667.9577438016,335120.04347698,3729888.215,4048234.102,0.13675061015784512,2.8099145288375387,69,3468531.946,16.713184858179766,0.0908758725885977
54301,San Rafael,CA,"San Francisco-Oakland-Berkeley, CA",Marin County,749,1314642.844,2140290.275,1679938.5423305787,241967.2739130996,1549586.958,1894704.132,0.3095044049852383,4.16302042869419,73,1314642.844,44.12310846610442,0.14403340825636302
54311,Santa Clarita,CA,"Los Angeles-Long Beach-Anaheim, CA",Los Angeles County,123,618596.0205,1049499.996,824639.3072264463,155443.0767301475,746064.7574,1027483.74,0.42640402928535637,5.92556101346994,87,618596.0205,66.09931295217571,0.1884982626561394
54345,Scotts Valley,CA,"Santa Cruz-Watsonville, CA",Santa Cruz County,4220,1090411.392,1889033.461,1447936.7176033058,253010.59028496934,1306658.797,1735456.993,0.3919061377702225,5.2456209683392965,82,1090596.536,59.129149572138374,0.17473870729914534
54350,Seabeck,WA,"Bremerton-Silverdale-Port Orchard, WA",Kitsap County,9513,536507.3075,1119216.791,814719.5174636365,191902.575522828,752957.567,1031375.043,0.5498609724272432,7.340391252621051,100,536507.3075,92.2387689006454,0.23554434551936854
54352,Seal Beach,CA,"Los Angeles-Long Beach-Anaheim, CA",Orange County,2577,1026861.765,1849022.366,1413795.48853719,283715.7341259991,1267351.589,1797612.409,0.4130556435105865,6.32486700741634,77,1103972.213,62.83130932390596,0.20067664413015696
54409,Shoreline,WA,"Seattle-Tacoma-Bellevue, WA",King County,1048,543346.4718,1193950.488,891181.7532314049,195157.86733727902,827755.0244,1136856.637,0.6222901271400259,8.193696060065637,92,543346.4718,109.23235835760883,0.2189877279574464
54608,Sumas,WA,"Bellingham, WA",Whatcom County,11278,399660.2467,798050.1243,592018.6228512396,133085.1243462753,557189.6905,718705.0662,0.49436212708196264,6.8654194645920965,87,399660.2467,79.82901029921223,0.22479888167253897
54616,Sumner,WA,"Seattle-Tacoma-Bellevue, WA",Pierce County,4712,364515.7634,782254.8746,589820.8752289257,142010.66018603957,562989.4601,771824.4487,0.629506626673322,8.289221015509991,105,364515.7634,111.7396629163171,0.24076913203677527
54626,Sunnyvale,CA,"San Jose-Sunnyvale-Santa Clara, CA",Santa Clara County,234,1675554.349,3075542.42,2343295.2258099173,433389.3481909628,2338563.602,2949471.52,0.48365885460461194,6.465738107279794,76,1675554.349,76.02959413165536,0.18494867544535268
54666,Tehachapi,CA,"Bakersfield, CA",Kern County,2038,327558.433,557114.2626,441225.870446281,81211.43614747706,403593.8866,556388.8998,0.44241944688267504,5.774223748626249,99,328249.4696,69.50184275332032,0.1840586456667538
54722,Torrance,CA,"Los Angeles-Long Beach-Anaheim, CA",Los Angeles County,258,867149.9635,1571749.632,1201784.9171818183,235924.97711134673,1104363.728,1540085.494,0.44756452540664504,6.456722443737923,76,906485.3391,69.89634885094415,0.1963121468229024
54746,Trout Lake,WA,"Portland-Vancouver-Hillsboro, OR-WA",Klickitat County,19196,479988.6317,974560.5816,743060.2668619835,167032.92943163216,693094.6969,921397.5631,0.5478890567642298,7.22034350820757,97,479988.6317,91.96237207465511,0.2247905545226212
54754,Tualatin,OR,"Portland-Vancouver-Hillsboro, OR-WA",Washington County,2265,517305.4379,907154.1784,710497.4651123967,126729.97021907217,649188.4277,853360.4287,0.420322501771187,5.483615588371035,91,517305.4379,64.96258615881061,0.17836794139585593
54759,Turlock,CA,"Modesto, CA",Stanislaus County,643,382611.9061,659956.6363,526077.5447169421,96869.51820634997,493936.8827,652589.2263,0.44767490142049043,5.854355769865323,104,382611.9061,70.5616620642846,0.18413543626628456
54928,Veneta,OR,"Eugene-Springfield, OR",Lane County,5978,304695.1288,616699.1836,471220.1267247934,110317.61150967776,440517.9942,612322.7095,0.5850078098262519,7.665292784695834,105,304695.1288,100.96242165457289,0.2341105679768779
54970,Villa Park,CA,"Los Angeles-Long Beach-Anaheim, CA",Orange County,7821,1554871.166,3024075.973,2128372.5266528926,501348.4520613342,1817012.662,3016847.022,0.5051442651048457,7.295934041515687,85,1657306.761,82.03310895682758,0.2355548409797234
55018,Wallace,CA,"Stockton, CA",Calaveras County,20774,509876.2219,862363.4446,681095.1259826446,111535.04929089814,627049.7506,788389.4043,0.36691511823963213,4.926796009921729,85,509876.2219,54.623685207784355,0.1637584017797541
55036,Warner Springs,CA,"San Diego-Chula Vista-Carlsbad, CA",San Diego County,16423,528621.0898,799866.4655,658392.7528528926,78259.89185564147,631221.8157,718953.5562,0.2517095919890197,3.653202466495479,79,533579.6271,34.74156802190995,0.11886505663455776
55039,Warren,OR,"Portland-Vancouver-Hillsboro, OR-WA",Columbia County,9859,439846.7132,844582.051,666450.377185124,132932.65687047708,626909.8144,828572.014,0.5311633387886047,6.781968697792522,100,439846.7132,88.37744812776288,0.19946369815550657
55055,Waterville,WA,"Wenatchee, WA",Douglas County,12382,261612.7145,496573.83,384939.3633033058,80769.19892176375,379678.9938,467831.1904,0.4884573744060282,6.481693820455457,90,261612.7145,78.82586146247873,0.20982317378158896
55078,Weldon,CA,"Bakersfield, CA",Kern County,14658,249945.9623,365720.7928,304156.8713438017,38083.86026005304,285703.9708,354448.0093,0.2922296718316037,3.6943068783185056,87,250422.5682,41.53996257115295,0.12521124409188575
55182,White Swan,WA,"Yakima, WA",Yakima County,15348,257392.6104,522866.9627,400554.81877107435,100182.98416606971,378620.0275,511783.584,0.5777027979944553,7.841436315652082,92,257392.6104,98.83382945791048,0.25011054535166244
55226,Wilton,CA,"Sacramento-Roseville-Folsom, CA",Sacramento County,8518,723421.7219,1277126.439,998639.3712867768,187466.7003147842,909155.6037,1225309.425,0.4375848316298823,5.99775723724385,82,729006.1503,68.07943588620779,0.18772212042193742
55282,Yelm,WA,"Olympia-Lacey-Tumwater, WA",Thurston County,2435,289852.0768,657387.1377,488776.8784677686,128317.25324536698,460401.0992,645500.2673,0.6720320936240096,8.901011647045785,108,289852.0768,122.69989383081072,0.2625272571149836
55284,Yoncalla,OR,"Roseburg, OR",Douglas County,13914,268296.0825,578400.7069,411371.89929586777,105392.8573158371,373596.3209,526618.1457,0.567256435736472,7.762817712975077,93,268296.0825,96.28245809366224,0.25619848486548236
55293,Yountville,CA,"Napa, CA",Napa County,11245,1320544.477,2242745.958,1742482.7293057851,292381.10523703066,1600506.657,1981120.341,0.33470783066757576,4.657307570485122,72,1332046.223,48.72759719540153,0.16779569766726865
55295,Zephyr Cove,NV,"Gardnerville Ranchos, NV",Douglas County,15922,1303701.091,2852405.497,1938956.0477438017,481227.92222165095,1738798.684,2295923.169,0.45661848509489833,7.171556139787299,79,1339943.154,71.34481878176751,0.24818918550609487
55333,Carson,WA,"Portland-Vancouver-Hillsboro, OR-WA",Skamania County,11762,316916.1529,652404.1216,496702.8441487603,116798.34846399349,467616.7392,651590.3014,0.6051047421719731,7.884193750380674,105,316916.1529,105.60337345935264,0.23514733172941707
55340,Annapolis,CA,"Santa Rosa-Petaluma, CA",Sonoma County,25139,1118340.815,1597608.783,1341780.4191818181,116335.54162069617,1340571.96,1214645.782,0.06764128097219556,1.0782032978027334,65,1130702.915,7.423954240004754,0.08670236944703252
55430,Chattaroy,WA,"Spokane-Spokane Valley, WA",Spokane County,8629,387416.5356,852396.9172,618670.1991165288,166478.9832857273,581031.8362,797186.6383,0.606199807738357,8.3682702761057,100,387416.5356,105.76990526885501,0.2690916477364871
55434,Del Rey,CA,"Fresno, CA",Fresno County,11334,559857.7195,1003090.15,790627.9591735537,133406.01987323025,755751.2178,931903.7133,0.42887480037951325,5.33263738068772,85,559857.7195,66.45366864500292,0.16873425525284996
55438,Delhi,CA,"Merced, CA",Merced County,4633,262389.2013,531454.8923,406011.94917438016,87726.70042894204,376348.5315,507389.2587,0.553547462420601,7.294841424296142,103,262389.2013,93.37276693787473,0.2160692575854802
55491,Chualar,CA,"Salinas, CA",Monterey County,19099,738669.0095,1488003.623,1111631.7512727275,262568.8605531585,986190.711,1403197.409,0.5393695886416637,7.438417838625344,82,740025.7111,89.61468337555982,0.23620129620491553
55535,Brownsville,CA,"Yuba City, CA",Yuba County,20868,307611.2262,505952.8123,405808.96843471075,53829.60261930273,394109.0734,429931.6303,0.2779450404534995,3.9749754288087176,75,309447.6264,38.9351843805256,0.1326476416401901
55547,Clearlake Oaks,CA,"Clearlake, CA",Lake County,10262,257143.7659,432430.8642,346524.0217107438,47485.41426350786,335301.1936,364000.0647,0.2928199734202554,4.099911396702027,77,257143.7659,41.55508045314817,0.13703354252059807
55575,Acme,WA,"Bellingham, WA",Whatcom County,22735,404099.4798,824824.3846,608206.9303396693,146033.41652265834,553938.5521,754699.1504,0.526565072036318,7.277895602834415,87,404099.4798,86.76073296939694,0.24010482162888558
55743,Hillsborough,CA,"San Francisco-Oakland-Berkeley, CA",San Mateo County,5068,6013299.526,8365271.929,6877201.443752066,623001.0960059392,6648040.001,7202310.897,0.1540166865398686,2.005073463779338,74,6013299.526,19.773027534367998,0.09058933362667969
55753,El Segundo,CA,"Los Angeles-Long Beach-Anaheim, CA",Los Angeles County,3605,1250558.112,2404783.108,1866444.6134049587,392216.971654379,1775899.378,2296808.272,0.4710923766912393,6.902951579197147,73,1318770.553,74.16284180558283,0.21014123260741005
55765,Georgetown,CA,"Sacramento-Roseville-Folsom, CA",El Dorado County,11292,407454.4416,644318.5224,523873.99571818183,62491.92923826407,505011.0647,568062.1081,0.2806765013030008,3.6641796453503153,81,407654.0912,39.34905115947967,0.11928809169577798
55823,Glendale,OR,"Roseburg, OR",Douglas County,16980,208623.7096,430653.7395,319150.030707438,79267.04089024501,284838.8944,417946.9653,0.5837217142354165,7.69144321154343,96,208623.7096,100.33531476424287,0.2483692096614849
55932,Inyokern,CA,"Visalia, CA",Tulare County,16789,270512.3193,434473.723,353399.10272148764,54201.89655539975,329672.1532,418334.3294,0.3557063295242742,4.795893259133319,78,274243.5354,52.54118161430325,0.15337304520016293
55996,Jefferson,OR,"Salem, OR",Marion County,7481,357899.3115,748606.4233,571820.8512165289,134044.19865721816,545637.9058,734294.0559,0.6024962445263213,7.963812229941128,103,357899.3115,105.16777549039796,0.23441642320675052
56078,Montesano,WA,"Aberdeen, WA",Grays Harbor County,6405,264880.7225,569808.0872,422831.99309338845,108485.36803990608,398417.2745,542431.3003,0.601569998992601,8.125640914302457,97,264880.7225,104.78323042176089,0.2565684948441107
56224,Reedsport,OR,"Roseburg, OR",Douglas County,7830,224953.1828,463932.1745,343582.1405057851,84664.93117181929,321694.2284,460107.8699,0.5995510853807774,7.843372643522458,103,224953.1828,104.53494552645199,0.2464183122183958
56250,Riddle,OR,"Roseburg, OR",Douglas County,11409,201729.9937,407260.4774,310529.8722727273,73723.31294542344,285428.6401,407240.9356,0.5894148771692381,7.573831259985821,104,201729.9937,101.87426179451671,0.23741133954634447
56272,Penngrove,CA,"Santa Rosa-Petaluma, CA",Sonoma County,10355,1168230.344,1786658.207,1484795.4692727274,178687.86046188002,1428006.378,1675686.097,0.303810348492671,3.696666094560712,73,1168230.344,43.43798768849648,0.12034510083021988
56277,Rockport,WA,"Bellingham, WA",Whatcom County,27269,286435.5839,635542.4058,471320.7201057851,117896.0606475216,440637.9148,615512.0414,0.642862174216057,8.44646191339496,98,286435.5839,114.88672357652557,0.250139778749936
56365,Mercer Island,WA,"Seattle-Tacoma-Bellevue, WA",King County,2465,1912103.398,4098335.069,2903667.0812809914,630657.6505064175,2612674.6,3654584.336,0.5475223040458572,7.4044067876539765,88,1912103.398,91.12901215606752,0.21719351180859015
56480,Powell Butte,OR,"Prineville, OR",Crook County,10310,728518.7623,1631775.537,1172456.8807677685,326987.07114207034,1024406.867,1555659.886,0.6382452927550322,8.72996333353161,95,728518.7623,113.53738112229811,0.27889048757848306
56628,Scappoose,OR,"Portland-Vancouver-Hillsboro, OR-WA",Columbia County,4941,361871.9383,671995.0398,534393.4512347108,95363.67739598666,507458.9202,642542.2588,0.4815722359579378,6.092849830894772,95,361871.9383,77.56067569608504,0.1784521819562905
56640,Verdi,NV,"Reno, NV",Washoe County,22749,571319.7604,1196585.022,879726.5646487604,211860.83663258993,803486.3602,1156624.146,0.5929694148145104,7.675937457505695,99,571319.7604,102.44777551369985,0.2408257805846496
56684,Wofford Heights,CA,"Bakersfield, CA",Kern County,14802,232218.7564,361856.9571,292462.5096297521,44209.91456637176,271966.5264,345025.4784,0.3252450025487643,4.262510943848307,87,234288.77,47.26505175642863,0.15116438213684227
56757,Tonopah,NV,"Pahrump, NV",Nye County,11989,162016.7904,275413.261,219798.24593884297,38940.13962556613,231669.4472,248183.5438,0.3591677790906909,4.855036021573962,82,162016.7904,53.18384174088664,0.17716310455180292
56780,Topanga,CA,"Los Angeles-Long Beach-Anaheim, CA",Los Angeles County,7540,1347101.044,2428820.745,1873635.0275041324,387583.92961641226,1735546.733,2300177.356,0.38279257292853897,6.133753631511361,67,1468563.553,56.62770271679213,0.20686202164607934
56896,Rescue,CA,"Sacramento-Roseville-Folsom, CA",El Dorado County,9129,680964.6855,1164171.971,922613.9369512396,154362.40580398764,862297.8068,1103372.743,0.40628270984668063,5.314878738054202,93,680964.6855,62.03083162673051,0.1673098569419787
56907,Granger,WA,"Yakima, WA",Yakima County,9270,238345.8919,469263.9808,353488.40426942153,80671.44207084924,337730.0921,469183.0971,0.5680476439322224,7.394450951591659,105,238345.8919,96.84966808525893,0.2282152429796909
56922,Los Alamos,CA,"Santa Maria-Santa Barbara, CA",Santa Barbara County,22735,628647.1689,1168553.967,876235.7350570248,183771.84997241467,766658.9096,1141161.998,0.5008392833242299,6.600644671138015,94,628647.1689,81.52662645356261,0.20972877802165296
56924,Mansfield,WA,"Wenatchee, WA",Douglas County,25462,205675.8159,386122.1952,297704.867214876,65308.90871779002,283356.2006,381200.5654,0.5203014045847675,7.0582885379197045,85,205675.8159,85.34049019420958,0.21937467576118488
56936,Herlong,CA,"Susanville, CA",Lassen County,16045,83140.56655,163420.8531,134594.55982876034,22155.828360053467,134644.1786,154237.6878,0.5248706279319354,6.236817893220435,74,83140.56655,85.51435743133027,0.16461161868831478
56958,Indianola,WA,"Bremerton-Silverdale-Port Orchard, WA",Kitsap County,22739,656404.8661,1417789.708,1035961.865709091,248144.83655257127,959612.5462,1319421.874,0.5871696560810835,7.781594960303241,97,656404.8661,101.00732674931035,0.23953085993442635
57023,Rochester,WA,"Olympia-Lacey-Tumwater, WA",Thurston County,5201,297154.3388,672992.6582,489923.2838272727,131652.6188874656,456323.9308,667909.1493,0.6798409136158187,9.114224947333847,107,297154.3388,124.76843245742977,0.26872088597014104
57054,Butte Falls,OR,"Medford, OR",Jackson County,26572,290540.4151,508687.4564,402308.779792562,69561.40123998326,379174.6779,474341.9593,0.4122646740881694,5.474671868445385,87,290540.4151,63.26195415420538,0.17290550128150428
57132,Wildomar,CA,"Riverside-San Bernardino-Ontario, CA",Riverside County,1723,413621.0943,770771.5667,589388.2107413223,130515.38448520322,521623.9357,758867.7757,0.5096338635174811,6.89523473761051,102,413621.0943,83.46931192769198,0.22144213628067524
57134,Woodway,WA,"Seattle-Tacoma-Bellevue, WA",Snohomish County,19728,1769093.43,3864626.69,2746225.71607438,686098.5028132041,2435645.809,3698154.338,0.6212455436620588,8.232921108504598,96,1769093.43,109.04234198642635,0.24983325252447
57212,Forest Falls,CA,"Riverside-San Bernardino-Ontario, CA",San Bernardino County,25068,285360.9096,494769.3498,397159.52740743797,73692.55560270905,369024.4084,481910.2939,0.4250929040889842,6.053329774111446,78,290875.333,65.67588902425082,0.1855490061733036
57218,Felton,CA,"Santa Cruz-Watsonville, CA",Santa Cruz County,6258,732593.8336,1225528.637,975616.2684446281,138736.1330395797,921847.8858,1087123.114,0.3331245063495854,4.488413277082248,76,732593.8336,48.39370250467804,0.14220358713447773
57277,Reedley,CA,"Fresno, CA",Fresno County,1909,298693.3638,536702.7487,421830.1293289256,78744.16636829443,391999.7121,533202.1622,0.4854253200430495,6.2400410339428065,105,298693.3638,78.51155292389527,0.18667269332696954
57317,Winchester,CA,"Riverside-San Bernardino-Ontario, CA",Riverside County,1488,431251.9415,808492.6301,610739.033438843,134681.51145267807,540316.0603,779835.3644,0.49784115024254505,6.780672928028936,100,431251.9415,80.83057474188784,0.2205221937336097
113412,Alondra Park,CA,"Los Angeles-Long Beach-Anaheim, CA",Los Angeles County,6947,588714.7824,998409.7985,804616.0254545454,143573.4902254517,766971.3308,958293.3916,0.3897303426348185,5.6878696078126705,77,603594.6593,58.76439210236728,0.17843727403309406
113561,August,CA,"Stockton, CA",San Joaquin County,6192,161958.0139,399407.3972,298439.3072231405,76117.43209084656,287807.0858,381251.5545,0.7196269129841121,9.389492745375604,98,161958.0139,135.40147555489384,0.2550516310974218
113576,Avocado Heights,CA,"Los Angeles-Long Beach-Anaheim, CA",Los Angeles County,4809,536281.3942,994333.2001,753864.1962958678,150780.40032175143,701886.0734,965138.3212,0.47411959536628406,6.700817674769599,81,549643.6123,75.59347540879261,0.20001002974092022
114651,Del Monte Forest,CA,"Salinas, CA",Monterey County,10818,3694926.125,6639891.86,5101633.041033058,1011979.6410879577,4565215.413,6188942.96,0.4336097537610381,5.7937742630081495,82,3698726.1,67.32633865481415,0.19836386367825393
114956,Emerald Lake Hills,CA,"San Francisco-Oakland-Berkeley, CA",San Mateo County,10565,2567799.46,4215469.874,3277112.015371901,433952.14159554086,3120178.679,3689667.311,0.30750702310286926,3.7973694231522988,79,2567799.46,43.68985461972176,0.1324190749538032
115107,Florin,CA,"Sacramento-Roseville-Folsom, CA",Sacramento County,1946,251504.7042,521544.0562,395383.22688677686,82873.86799963188,369292.9256,481357.9214,0.5455431718024008,7.133837023117835,101,251504.7042,91.3912198704711,0.2096039041721006
115235,Garden Acres,CA,"Stockton, CA",San Joaquin County,5355,193044.8252,454739.2114,343728.7054752066,82417.243946056,327702.5313,432663.4957,0.678401435070788,8.864712423369161,95,193044.8252,124.12592269787505,0.23977410857238052
115391,Green Valley,CA,"Los Angeles-Long Beach-Anaheim, CA",Los Angeles County,27617,314075.1012,585285.5494,464885.93420578516,92913.64049281707,461959.9319,540739.9211,0.4581923921613365,6.421753304633793,81,314075.1012,72.16898730079915,0.19986330765535307
115913,Kennedy,CA,"Stockton, CA",San Joaquin County,10959,196042.5805,465543.4371,351983.63851900824,83557.65542746568,340178.0301,434865.3682,0.6695146637059796,8.724362086033562,93,196042.5805,121.82189557538496,0.237390737191761
116032,La Riviera,CA,"Sacramento-Roseville-Folsom, CA",Sacramento County,5107,313030.7371,580184.7008,453961.45638099173,83184.74401804902,430371.1259,540460.8617,0.45869426580915124,6.1308849110178505,98,313030.7371,72.65424689823534,0.18324186524821479
116042,Ladera Heights,CA,"Los Angeles-Long Beach-Anaheim, CA",Los Angeles County,7490,1080389.721,2121951.801,1632952.6009586777,369226.0852937166,1603186.331,2059623.932,0.5197697823826117,7.384050430413535,74,1115940.184,84.56400813683757,0.226109493366158
116192,Lexington Hills,CA,"San Jose-Sunnyvale-Santa Clara, CA",Santa Clara County,15846,1417884.797,2360234.721,1848088.6747685953,277722.3345678313,1815695.838,2039666.276,0.3093192425483455,4.262597768669974,75,1420772.82,43.560338942857875,0.15027543773169097
116208,Lincoln Village,CA,"Stockton, CA",San Joaquin County,11456,271803.3516,520990.447,410148.41858264466,78913.03177480007,392260.8938,494394.7974,0.5021943216440925,6.472011567258043,98,271803.3516,81.89429765662977,0.1924011606517974
116477,McArthur,CA,"Susanville, CA",Lassen County,22670,362681.6014,568873.9987,461017.4366801653,56238.464214661384,440295.9598,490951.2422,0.25516090456050217,3.332979136488845,83,362681.6014,35.367010707149696,0.12198771616891638
117041,Oildale,CA,"Bakersfield, CA",Kern County,2088,181585.0065,351956.8463,258266.7693247934,59974.509517675564,233135.0077,351742.9049,0.5540424277911504,7.263553417273402,109,181585.0065,93.70702002315376,0.232219226943023
117769,Rosemont,CA,"Sacramento-Roseville-Folsom, CA",Sacramento County,2565,300387.5918,571353.8336,442938.59658016526,83552.34358014674,420067.4795,523896.9347,0.46732036264939375,6.301910748953654,97,300387.5918,74.40698251238486,0.1886318876368793
118160,Soda Springs,CA,"Sacramento-Roseville-Folsom, CA",Placer County,27809,763862.02,1385781.262,1006975.4700495868,211866.66359992407,863455.3576,1196787.319,0.36980374290386847,5.615141841053251,72,773199.8071,54.78370636029094,0.21039903145753
118339,Sugarloaf,CA,"Riverside-San Bernardino-Ontario, CA",San Bernardino County,24630,189369.2279,444823.4275,311108.3489123967,90842.92209408413,262035.85,398377.6169,0.628697509378264,9.321512451634558,78,189369.2279,110.37083021237794,0.2919976992313507
118694,Valinda,CA,"Los Angeles-Long Beach-Anaheim, CA",Los Angeles County,3038,498838.52,882038.8394,683766.5008272727,129336.29703535193,640058.3283,860133.1231,0.4450895756001894,6.214342349487177,86,506676.2484,69.75990601812468,0.18915272520498014
118875,West Athens,CA,"Los Angeles-Long Beach-Anaheim, CA",Los Angeles County,5333,444324.3063,870924.5102,668060.7034528925,147075.66216792984,642366.0189,838998.9771,0.5340330508476347,7.3772096286319275,88,444324.3063,88.82581150839013,0.22015314088639656
118878,West Carson,CA,"Los Angeles-Long Beach-Anaheim, CA",Los Angeles County,2910,548481.5673,1008379.929,782470.3347876032,156545.0177234808,730186.2033,971962.7196,0.4654291946040978,6.6318982278392475,80,559379.0046,73.7574545356828,0.20006511526852194
118880,West Compton,CA,"Los Angeles-Long Beach-Anaheim, CA",Los Angeles County,14318,446732.1817,835315.7052,662080.5868966943,132632.2376145096,639198.2774,792371.1795,0.46909885708961485,6.741787890769561,80,454299.4296,74.41606303526824,0.20032642587541155
118895,West Puente Valley,CA,"Los Angeles-Long Beach-Anaheim, CA",Los Angeles County,3196,476340.9733,835558.1501,652154.9768090909,122718.01780460318,612556.516,811657.2104,0.43760773614514387,6.162659208914254,82,482435.6483,68.24154957456116,0.18817309101135193
118914,Westmont,CA,"Los Angeles-Long Beach-Anaheim, CA",Los Angeles County,1710,407962.6448,830405.2505,631272.9353041323,142908.02972455707,620296.4141,799781.4181,0.5663177431110097,7.811819284249234,84,407962.6448,96.04280644177253,0.22638073285322677
118994,Willowbrook,CA,"Los Angeles-Long Beach-Anaheim, CA",Los Angeles County,3218,387743.2988,765946.6521,592710.845785124,127831.57735971028,578784.3332,732781.07,0.5351794336667753,7.365620137161441,90,387743.2988,88.98613393650737,0.21567274880954884
206770,Dunes City,OR,"Eugene-Springfield, OR",Lane County,23561,472184.7423,947834.4295,706796.8562429752,171462.05429681187,626805.9829,931651.8857,0.5703267846033662,7.728120496899816,103,472184.7423,97.30664764006289,0.24259028995718743
206966,Hayesville,OR,"Salem, OR",Marion County,2764,223023.6652,485866.4221,371559.24773140496,87799.56517537551,357410.5221,469737.1848,0.6245090962457547,8.168812941358725,103,223023.6652,110.6221258532164,0.23630030933544305
207197,Metzger,OR,"Portland-Vancouver-Hillsboro, OR-WA",Washington County,10055,387473.8558,720739.7719,570644.3653347108,104459.24259204036,532274.0145,688086.2288,0.481877220864602,6.141997677615258,99,387473.8558,77.58262099499308,0.1830548918690714
207207,Millersburg,OR,"Albany-Lebanon, OR",Linn County,21790,353008.8095,695552.2241,531293.4819,114234.85178886446,489728.867,680901.7384,0.5509615898715102,7.148921742731197,104,353008.8095,92.88519721771988,0.21501271082856183
207402,Raleigh Hills,OR,"Portland-Vancouver-Hillsboro, OR-WA",Washington County,7426,769163.9346,1344720.077,1058669.5709190082,201543.65892949273,948360.8769,1328161.967,0.4587562439089643,5.897464667981289,97,769163.9346,72.6760586728113,0.19037447043513023
207441,Rockcreek,OR,"Portland-Vancouver-Hillsboro, OR-WA",Washington County,5974,445605.9568,792369.2087,628924.7443462809,115817.8318835288,584153.1316,761925.6034,0.45003226291995335,5.916155823319832,94,445605.9568,70.98640441693486,0.18415213095791383
250687,Frederickson,WA,"Seattle-Tacoma-Bellevue, WA",Pierce County,5646,301316.4021,660047.0095,485135.7283429752,123425.04684076716,458379.0515,627000.8406,0.6153846180591606,8.34251725683278,103,301316.4021,108.08719214426064,0.2544134344883988
251316,Midland,WA,"Seattle-Tacoma-Bellevue, WA",Pierce County,5709,258844.9477,589603.4085,437492.8257082645,115451.17536468855,421802.5318,580144.6627,0.6774288553020585,8.983333651180526,105,258844.9477,124.12825432945469,0.2638927282471037
251873,Sedro-Woolley,WA,"Mount Vernon-Anacortes, WA",Skagit County,4129,270364.3371,633751.585,467217.2138826446,120873.2782723721,444415.9661,627752.0526,0.7065171775458938,9.081550026592843,107,270364.3371,132.1874472548547,0.25870895737744154
252247,Waller,WA,"Seattle-Tacoma-Bellevue, WA",Pierce County,5895,369551.4307,787737.5928,596821.7434570248,144185.9979611292,572618.9215,780287.7998,0.6272005701269265,8.209705678467103,104,369551.4307,111.14457555257951,0.24158972011634086
272578,Commerce,CA,"Los Angeles-Long Beach-Anaheim, CA",Los Angeles County,4579,435438.6329,818157.4964,632836.3181884297,125747.20315823297,603275.6764,788408.4356,0.48193234078004393,6.790203937357641,84,444981.7965,77.17768272797198,0.19870415073237185
395645,Mather,CA,"Sacramento-Roseville-Folsom, CA",Sacramento County,9780,399570.8535,760711.5918,581132.8760595041,123081.25762646866,524089.6079,728086.8726,0.5041876709511313,6.784780644336393,97,399570.8535,82.2172128478335,0.21179537881430402
395655,Meridian,CA,"Yuba City, CA",Sutter County,19499,647335.5328,1174485.997,860565.8630710744,122802.29811429241,867038.169,869409.7813,0.24900188968955425,3.4444166872249813,81,650814.039,33.58804961181854,0.14269947645384365
395856,Otis Orchards-East Farms,WA,"Spokane-Spokane Valley, WA",Spokane County,11095,280212.1827,658644.8636,473616.1657909091,135834.0435427226,444498.5556,633944.5973,0.6859286289147744,9.232822041379979,98,280212.1827,126.23734314175485,0.2868019576905453
396053,Florence-Graham,CA,"Los Angeles-Long Beach-Anaheim, CA",Los Angeles County,870,369718.2171,723116.2866,562435.8332454545,119541.42608382548,552902.9082,697366.6224,0.5339616032385225,7.375716331782947,82,369791.1356,88.58392083101087,0.2125423364191236
396054,Burbank,CA,"Los Angeles-Long Beach-Anaheim, CA",Los Angeles County,412,852951.163,1595122.478,1226833.914605785,257318.83363177287,1142703.016,1554852.232,0.4712709826176734,6.828798860427991,78,890325.2984,74.63866687762538,0.209742191317279
396550,View Park-Windsor Hills,CA,"Los Angeles-Long Beach-Anaheim, CA",Los Angeles County,5063,820488.8566,1700537.789,1282082.505561157,315133.38811304467,1242889.106,1634012.531,0.5624754262543623,8.070736207831999,77,840785.9713,94.34345799960661,0.24579805647930075
396551,La Crescenta-Montrose,CA,"Los Angeles-Long Beach-Anaheim, CA",Los Angeles County,3158,964253.4489,1819511.606,1385414.4259900828,287597.53687493847,1287807.705,1760436.934,0.46455818556772693,6.894730523453173,76,1017794.447,72.96586154394689,0.20758953528970772
396558,Taft Mosswood,CA,"Stockton, CA",San Joaquin County,18837,199125.4528,464510.6624,352435.10004462814,85877.02642920047,332926.9831,445980.3185,0.6784563919690426,8.872361687213898,91,199125.4528,123.96951882788134,0.2436676324756701
396561,Muscoy,CA,"Riverside-San Bernardino-Ontario, CA",San Bernardino County,5254,243006.9677,541171.5973,400476.36748016527,101565.42650321989,363584.4017,532287.902,0.6269661617839153,8.886911904195438,86,253312.1313,110.13123187914213,0.25361153553773735
396843,Garden Home-Whitford,OR,"Portland-Vancouver-Hillsboro, OR-WA",Washington County,7211,487916.4816,879261.4568,687148.8085363636,123387.66479634761,627449.7335,830034.4877,0.4463042005995773,5.758530494878307,87,487916.4816,70.11814910988653,0.17956469292170502
396846,West Slope,OR,"Portland-Vancouver-Hillsboro, OR-WA",Washington County,7953,619820.8215,1104793.336,867920.9455446281,166962.43933195315,782145.2861,1088256.082,0.47234274994625586,6.122051265724674,96,619820.8215,75.57591553093704,0.1923705611542567
396862,Bryn Mawr-Skyway,WA,"Seattle-Tacoma-Bellevue, WA",King County,3824,426597.3017,976993.6594,725861.5456404958,168701.88543776528,681348.5324,919108.1217,0.6461365875543919,8.540749729731363,92,426597.3017,115.45099278343606,0.23241606674300916
396870,Riverton-Boulevard Park,WA,"Seattle-Tacoma-Bellevue, WA",King County,9602,322200.3973,731452.0405,551540.2791586777,129862.4483587325,538512.4619,694134.3978,0.6452027678135442,8.3367964695112,96,322200.3973,115.43561200320096,0.23545415133927358
737786,The Sea Ranch,CA,"Santa Rosa-Petaluma, CA",Sonoma County,22573,1199550.184,2159581.543,1599341.087983471,349016.7031959824,1368075.911,2007302.804,0.4348398789348131,6.035677142349368,78,1199550.184,67.33795974308318,0.2182253090465149
737790,Eastvale,CA,"Riverside-San Bernardino-Ontario, CA",Riverside County,859,623784.5134,1077673.585,823773.4135198346,169179.11796653783,735525.6064,1069310.604,0.45281475339672306,6.313108800956844,88,623784.5134,71.42307656399089,0.20537093718971347
772012,Rancho Mission Viejo,CA,"Los Angeles-Long Beach-Anaheim, CA",Orange County,5531,933027.3289,1701607.869,1209045.4264173554,277772.71499721956,1025718.401,1681346.726,0.4764101754335376,6.819196816190685,77,957263.1784,75.64101115957017,0.2297454743452576
775743,Clover Creek,WA,"Seattle-Tacoma-Bellevue, WA",Pierce County,6387,317144.3402,702441.1694,526581.6992809917,133614.2809749691,501979.0572,689832.2532,0.6527942840066461,8.668789379209741,103,317144.3402,117.51365727194525,0.2537389376755962
781837,Jurupa Valley,CA,"Riverside-San Bernardino-Ontario, CA",Riverside County,429,438683.3958,846923.7201,635625.4448454545,140080.2579537367,579864.5222,837465.8115,0.5423423522999864,7.147180493372431,99,438683.3958,90.90437876563915,0.22038176584921912
